<?xml version="1.0" encoding="UTF-8"?>
<beans xmlns="http://www.springframework.org/schema/beans"
	xmlns:xsi="http://www.w3.org/2001/XMLSchema-instance" xmlns:context="http://www.springframework.org/schema/context"
	xmlns:jdbc="http://www.springframework.org/schema/jdbc" xmlns:jee="http://www.springframework.org/schema/jee"
	xmlns:tx="http://www.springframework.org/schema/tx" xmlns:jpa="http://www.springframework.org/schema/data/jpa"
	xmlns:util="http://www.springframework.org/schema/util" xmlns:aop="http://www.springframework.org/schema/aop"
	xsi:schemaLocation="
		http://www.springframework.org/schema/beans http://www.springframework.org/schema/beans/spring-beans-3.2.xsd
		http://www.springframework.org/schema/context http://www.springframework.org/schema/context/spring-context-3.2.xsd
		http://www.springframework.org/schema/jdbc http://www.springframework.org/schema/jdbc/spring-jdbc-3.2.xsd
		http://www.springframework.org/schema/jee http://www.springframework.org/schema/jee/spring-jee-3.2.xsd
		http://www.springframework.org/schema/tx http://www.springframework.org/schema/tx/spring-tx-3.2.xsd
		http://www.springframework.org/schema/data/jpa http://www.springframework.org/schema/data/jpa/spring-jpa-1.0.xsd
		http://www.springframework.org/schema/util http://www.springframework.org/schema/util/spring-util-3.2.xsd
        http://www.springframework.org/schema/aop    
        http://www.springframework.org/schema/aop/spring-aop-3.0.xsd"
	default-lazy-init="false" default-autowire="no">

	<bean id="dataSource" class="org.apache.commons.dbcp.BasicDataSource">
		<property name="driverClassName" value="com.mysql.jdbc.Driver" />
		<property name="url"
			value="jdbc:mysql://localhost:3306/mybatis?characterEncoding=utf8" />
		<property name="username" value="root" />
		<property name="password" value="root" />
	</bean>
	<bean id="sqlSessionFactory" class="org.mybatis.spring.SqlSessionFactoryBean">
		<!--dataSource属性指定要用到的连接池 -->
		<property name="dataSource" ref="dataSource" />
		<!--configLocation属性指定mybatis的核心配置文件 -->
		<property name="configLocation" value="classpath:config/Configuration.xml" />
		<!-- 所有配置的mapper文件 -->
		<!-- <property name="mapperLocations" value="classpath*:com/model/*.xml" /> -->
	</bean>
	<bean id="userInter" class="org.mybatis.spring.mapper.MapperFactoryBean">
		<!--sqlSessionFactory属性指定要用到的SqlSessionFactory实例 -->
		<property name="sqlSessionFactory" ref="sqlSessionFactory" />
		<!--mapperInterface属性指定映射器接口，用于实现此接口并生成映射器对象 -->
		<property name="mapperInterface" value="com.inter.UserInter" />
	</bean>

</beans>