<?xml version="1.0" encoding="UTF-8" ?>
<!DOCTYPE configuration PUBLIC "-//mybatis.org//DTD Config 3.0//EN"
"http://mybatis.org/dtd/mybatis-3-config.dtd">
<configuration>
	<typeAliases>
		<!-- java类对应的别名 -->
		<typeAlias alias="User" type="com.model.User" />
		<typeAlias alias="Article" type="com.model.Article" />
	</typeAliases>
	<environments default="development">
		<environment id="development">
			<transactionManager type="JDBC" />
			<!-- 数据库连接 -->
			<dataSource type="POOLED">
				<property name="driver" value="com.mysql.jdbc.Driver" />
				<property name="url" value="jdbc:mysql://127.0.0.1:3306/mybatis" />
				<property name="username" value="root" />
				<property name="password" value="root" />
			</dataSource>
		</environment>
	</environments>
	<mappers>
	<!-- 映射的类配置文件 -->
		<mapper resource="com/model/User.xml" />
	</mappers>
</configuration>