/*
Navicat MySQL Data Transfer

Source Server         : 北京研发库
Source Server Version : 50173
Source Host           : 192.168.8.34:3306
Source Database       : ecmc01

Target Server Type    : MYSQL
Target Server Version : 50173
File Encoding         : 65001

Date: 2016-09-07 09:38:36
*/

SET FOREIGN_KEY_CHECKS=0;

-- ----------------------------
-- Table structure for EAYUN_QRTZ_BLOB_TRIGGERS
-- ----------------------------
DROP TABLE IF EXISTS `EAYUN_QRTZ_BLOB_TRIGGERS`;
CREATE TABLE `EAYUN_QRTZ_BLOB_TRIGGERS` (
  `SCHED_NAME` varchar(120) NOT NULL,
  `TRIGGER_NAME` varchar(100) NOT NULL,
  `TRIGGER_GROUP` varchar(100) NOT NULL,
  `BLOB_DATA` blob,
  PRIMARY KEY (`SCHED_NAME`,`TRIGGER_NAME`,`TRIGGER_GROUP`)
) ENGINE=MyISAM DEFAULT CHARSET=utf8;

-- ----------------------------
-- Records of EAYUN_QRTZ_BLOB_TRIGGERS
-- ----------------------------

-- ----------------------------
-- Table structure for EAYUN_QRTZ_CALENDARS
-- ----------------------------
DROP TABLE IF EXISTS `EAYUN_QRTZ_CALENDARS`;
CREATE TABLE `EAYUN_QRTZ_CALENDARS` (
  `SCHED_NAME` varchar(120) NOT NULL,
  `CALENDAR_NAME` varchar(200) NOT NULL,
  `CALENDAR` blob NOT NULL,
  PRIMARY KEY (`SCHED_NAME`,`CALENDAR_NAME`)
) ENGINE=MyISAM DEFAULT CHARSET=utf8;

-- ----------------------------
-- Records of EAYUN_QRTZ_CALENDARS
-- ----------------------------

-- ----------------------------
-- Table structure for EAYUN_QRTZ_CRON_TRIGGERS
-- ----------------------------
DROP TABLE IF EXISTS `EAYUN_QRTZ_CRON_TRIGGERS`;
CREATE TABLE `EAYUN_QRTZ_CRON_TRIGGERS` (
  `SCHED_NAME` varchar(120) NOT NULL,
  `TRIGGER_NAME` varchar(100) NOT NULL,
  `TRIGGER_GROUP` varchar(100) NOT NULL,
  `CRON_EXPRESSION` varchar(200) NOT NULL,
  `TIME_ZONE_ID` varchar(80) DEFAULT NULL,
  PRIMARY KEY (`SCHED_NAME`,`TRIGGER_NAME`,`TRIGGER_GROUP`)
) ENGINE=MyISAM DEFAULT CHARSET=utf8;

-- ----------------------------
-- Records of EAYUN_QRTZ_CRON_TRIGGERS
-- ----------------------------
INSERT INTO `EAYUN_QRTZ_CRON_TRIGGERS` VALUES ('scheduler', 'b69e557e015640fea792bdc30cb9da94', 'DEFAULT', '0 10 0 * * ? *', 'GMT+08:00');
INSERT INTO `EAYUN_QRTZ_CRON_TRIGGERS` VALUES ('scheduler', '581cb1c538fd4a27acdc6fdc4be28668', 'DEFAULT', '0 0/1 * * * ? *', 'GMT+08:00');
INSERT INTO `EAYUN_QRTZ_CRON_TRIGGERS` VALUES ('scheduler', '9fa5cb7d9fb34532a5d5452fd73a72ff', 'DEFAULT', '0 5 0 * * ? *', 'GMT+08:00');
INSERT INTO `EAYUN_QRTZ_CRON_TRIGGERS` VALUES ('scheduler', '73d36b74bd1449ba85477f1741294dc8', 'DEFAULT', '0/30 * * * * ? *', 'GMT+08:00');
INSERT INTO `EAYUN_QRTZ_CRON_TRIGGERS` VALUES ('scheduler', '7fb42a663c7c4256a01ad5546e8ccba3', 'DEFAULT', '0 15 0 * * ? *', 'GMT+08:00');
INSERT INTO `EAYUN_QRTZ_CRON_TRIGGERS` VALUES ('scheduler', 'f5e012653e9044139e978f9d79bbb4e7', 'DEFAULT', '0 0/1 * * * ? *', 'GMT+08:00');
INSERT INTO `EAYUN_QRTZ_CRON_TRIGGERS` VALUES ('scheduler', '9f710d04ee5a457d9f3f420a77a61d8a', 'DEFAULT', '0/5 * * * * ?', 'GMT+08:00');
INSERT INTO `EAYUN_QRTZ_CRON_TRIGGERS` VALUES ('scheduler', 'd3100f6a33be4ee09901ddb624724390', 'DEFAULT', '0 0/1 * * * ? *', 'GMT+08:00');
INSERT INTO `EAYUN_QRTZ_CRON_TRIGGERS` VALUES ('scheduler', '5b8170d62f2f4cb697015e88cce7daec', 'DEFAULT', '0 0 0/1 * * ?', 'GMT+08:00');
INSERT INTO `EAYUN_QRTZ_CRON_TRIGGERS` VALUES ('scheduler', 'd1ecde01dc644484a435c174f162a4f8', 'DEFAULT', '0 0 0/1 * * ?', 'GMT+08:00');
INSERT INTO `EAYUN_QRTZ_CRON_TRIGGERS` VALUES ('scheduler', 'b4e0ed14f79e4cc2bfeb4528f6267a21', 'DEFAULT', '0 15 0 * * ? *', 'GMT+08:00');
INSERT INTO `EAYUN_QRTZ_CRON_TRIGGERS` VALUES ('scheduler', '83e43cbe98fb44cbac6384c479362514', 'DEFAULT', '0 15 0 * * ? *', 'GMT+08:00');
INSERT INTO `EAYUN_QRTZ_CRON_TRIGGERS` VALUES ('scheduler', '453875e8f66c40c4a549a863cb80d32a', 'DEFAULT', '0 5 0 ? * MON', 'GMT+08:00');
INSERT INTO `EAYUN_QRTZ_CRON_TRIGGERS` VALUES ('scheduler', '18166acbd198453ab5f4b4d6bb2bfd28', 'DEFAULT', '0 5 0 ? * MON', 'GMT+08:00');
INSERT INTO `EAYUN_QRTZ_CRON_TRIGGERS` VALUES ('scheduler', '1dce8cc36d49476785e10fd69822e058', 'DEFAULT', '0 5 0 1 * ?', 'GMT+08:00');
INSERT INTO `EAYUN_QRTZ_CRON_TRIGGERS` VALUES ('scheduler', '312ff3ddb37849b49a0e00f7718ff6a2', 'DEFAULT', '0 5 0 1 * ?', 'GMT+08:00');
INSERT INTO `EAYUN_QRTZ_CRON_TRIGGERS` VALUES ('scheduler', 'b94ec6dac85b417e9dec0d6eac0693e2', 'DEFAULT', '0/5 * * * * ? *', 'GMT+08:00');
INSERT INTO `EAYUN_QRTZ_CRON_TRIGGERS` VALUES ('scheduler', 'b7f108454a2c481f87043f6ad2299ab6', 'DEFAULT', '0/5 * * * * ? *', 'GMT+08:00');
INSERT INTO `EAYUN_QRTZ_CRON_TRIGGERS` VALUES ('scheduler', '56d3e78c09034d3cbe067abc0ebeba82', 'DEFAULT', '0/5 * * * * ? *', 'GMT+08:00');
INSERT INTO `EAYUN_QRTZ_CRON_TRIGGERS` VALUES ('scheduler', '634588cebff74bb5b58ae2b5963afe5e', 'DEFAULT', '0/5 * * * * ? *', 'GMT+08:00');
INSERT INTO `EAYUN_QRTZ_CRON_TRIGGERS` VALUES ('scheduler', '15961979a2b64cfd93b03c6eccdd8891', 'DEFAULT', '0 0/3 * * * ? *', 'GMT+08:00');
INSERT INTO `EAYUN_QRTZ_CRON_TRIGGERS` VALUES ('scheduler', '21d6aca4066f4c7c99c2459fe8da4997', 'DEFAULT', '0/5 * * * * ? *', 'GMT+08:00');
INSERT INTO `EAYUN_QRTZ_CRON_TRIGGERS` VALUES ('scheduler', '963b5da5694945d1bbe6b62bbf5f7535', 'DEFAULT', '0/5 * * * * ? *', 'GMT+08:00');
INSERT INTO `EAYUN_QRTZ_CRON_TRIGGERS` VALUES ('scheduler', '5c2ea3073aa948f09dc90b521d1028ed', 'DEFAULT', '0/5 * * * * ? *', 'GMT+08:00');
INSERT INTO `EAYUN_QRTZ_CRON_TRIGGERS` VALUES ('scheduler', 'ef5105fda36a44c1bf4f5ead59651578', 'DEFAULT', '0/5 * * * * ? *', 'GMT+08:00');
INSERT INTO `EAYUN_QRTZ_CRON_TRIGGERS` VALUES ('scheduler', '385596b3fad14db6a76af5de9d94953b', 'DEFAULT', '0 0 1 * * ? *', 'GMT+08:00');
INSERT INTO `EAYUN_QRTZ_CRON_TRIGGERS` VALUES ('scheduler', '27c449bd555447958eebfb976c1e79f4', 'DEFAULT', '0 0/3 * * * ? *', 'GMT+08:00');
INSERT INTO `EAYUN_QRTZ_CRON_TRIGGERS` VALUES ('scheduler', 'd05eecfc17824ccbae2197af9bd91d49', 'DEFAULT', '3 0/5 * * * ? *', 'GMT+08:00');
INSERT INTO `EAYUN_QRTZ_CRON_TRIGGERS` VALUES ('scheduler', '7f96bd0ccf324af99e5b72a5000079bc', 'DEFAULT', '6 0/10 * * * ? *', 'GMT+08:00');
INSERT INTO `EAYUN_QRTZ_CRON_TRIGGERS` VALUES ('scheduler', '8a0f87f3101b4902be67a5bf7903cc22', 'DEFAULT', '10 0 0/1 * * ? *', 'GMT+08:00');
INSERT INTO `EAYUN_QRTZ_CRON_TRIGGERS` VALUES ('scheduler', '70e81695cc734087800b5fa51377239c', 'DEFAULT', '0 4 0 * * ? *', 'GMT+08:00');
INSERT INTO `EAYUN_QRTZ_CRON_TRIGGERS` VALUES ('scheduler', '6594e709a655428cb2241e706549f7a8', 'DEFAULT', '0 0/1 * * * ? *', 'GMT+08:00');
INSERT INTO `EAYUN_QRTZ_CRON_TRIGGERS` VALUES ('scheduler', '9de3a06ae02549859be45561799c0b9e', 'DEFAULT', '0 1 9 ? * *', 'GMT+08:00');

-- ----------------------------
-- Table structure for EAYUN_QRTZ_FIRED_TRIGGERS
-- ----------------------------
DROP TABLE IF EXISTS `EAYUN_QRTZ_FIRED_TRIGGERS`;
CREATE TABLE `EAYUN_QRTZ_FIRED_TRIGGERS` (
  `SCHED_NAME` varchar(120) NOT NULL,
  `ENTRY_ID` varchar(95) NOT NULL,
  `TRIGGER_NAME` varchar(200) NOT NULL,
  `TRIGGER_GROUP` varchar(200) NOT NULL,
  `INSTANCE_NAME` varchar(200) NOT NULL,
  `FIRED_TIME` bigint(13) NOT NULL,
  `PRIORITY` int(11) NOT NULL,
  `STATE` varchar(16) NOT NULL,
  `JOB_NAME` varchar(200) DEFAULT NULL,
  `JOB_GROUP` varchar(200) DEFAULT NULL,
  `IS_NONCONCURRENT` varchar(1) DEFAULT NULL,
  `REQUESTS_RECOVERY` varchar(1) DEFAULT NULL,
  PRIMARY KEY (`SCHED_NAME`,`ENTRY_ID`)
) ENGINE=MyISAM DEFAULT CHARSET=utf8;

-- ----------------------------
-- Records of EAYUN_QRTZ_FIRED_TRIGGERS
-- ----------------------------
INSERT INTO `EAYUN_QRTZ_FIRED_TRIGGERS` VALUES ('scheduler', 'zengbo-pc14685537542171468553755333', 'f5e012653e9044139e978f9d79bbb4e7', 'DEFAULT', 'zengbo-pc1468553754217', '1468559520000', '5', 'EXECUTING', 'f5e012653e9044139e978f9d79bbb4e7', 'ecmcStatusCalculateJob', '1', '0');
INSERT INTO `EAYUN_QRTZ_FIRED_TRIGGERS` VALUES ('scheduler', 'zengbo-pc14685537542171468553758203', '634588cebff74bb5b58ae2b5963afe5e', 'DEFAULT', 'zengbo-pc1468553754217', '1468576761806', '5', 'ACQUIRED', null, null, '0', '0');
INSERT INTO `EAYUN_QRTZ_FIRED_TRIGGERS` VALUES ('scheduler', 'zengbo-pc14685537542171468553758202', 'b7f108454a2c481f87043f6ad2299ab6', 'DEFAULT', 'zengbo-pc1468553754217', '1468576760000', '5', 'EXECUTING', 'b7f108454a2c481f87043f6ad2299ab6', 'cloudVolumeJob', '1', '0');

-- ----------------------------
-- Table structure for EAYUN_QRTZ_JOB_DETAILS
-- ----------------------------
DROP TABLE IF EXISTS `EAYUN_QRTZ_JOB_DETAILS`;
CREATE TABLE `EAYUN_QRTZ_JOB_DETAILS` (
  `SCHED_NAME` varchar(120) NOT NULL,
  `JOB_NAME` varchar(100) NOT NULL,
  `JOB_GROUP` varchar(100) NOT NULL,
  `DESCRIPTION` varchar(250) DEFAULT NULL,
  `JOB_CLASS_NAME` varchar(250) NOT NULL,
  `IS_DURABLE` varchar(1) NOT NULL,
  `IS_NONCONCURRENT` varchar(1) NOT NULL,
  `IS_UPDATE_DATA` varchar(1) NOT NULL,
  `REQUESTS_RECOVERY` varchar(1) NOT NULL,
  `JOB_DATA` blob,
  PRIMARY KEY (`SCHED_NAME`,`JOB_NAME`,`JOB_GROUP`)
) ENGINE=MyISAM DEFAULT CHARSET=utf8;

-- ----------------------------
-- Records of EAYUN_QRTZ_JOB_DETAILS
-- ----------------------------
INSERT INTO `EAYUN_QRTZ_JOB_DETAILS` VALUES ('scheduler', '7fb42a663c7c4256a01ad5546e8ccba3', 'newsDeleteJob', 'deleteNews', 'com.eayun.schedule.job.EayunJob', '0', '1', '1', '0', 0xACED0005737200156F72672E71756172747A2E4A6F62446174614D61709FB083E8BFA9B0CB020000787200266F72672E71756172747A2E7574696C732E537472696E674B65794469727479466C61674D61708208E8C3FBC55D280200015A0013616C6C6F77735472616E7369656E74446174617872001D6F72672E71756172747A2E7574696C732E4469727479466C61674D617013E62EAD28760ACE0200025A000564697274794C00036D617074000F4C6A6176612F7574696C2F4D61703B787000737200116A6176612E7574696C2E486173684D61700507DAC1C31660D103000246000A6C6F6164466163746F724900097468726573686F6C6478703F4000000000000F770800000010000000007800);
INSERT INTO `EAYUN_QRTZ_JOB_DETAILS` VALUES ('scheduler', '73d36b74bd1449ba85477f1741294dc8', 'newsCountJob', 'updateNewsCount', 'com.eayun.schedule.job.EayunJob', '0', '1', '1', '0', 0xACED0005737200156F72672E71756172747A2E4A6F62446174614D61709FB083E8BFA9B0CB020000787200266F72672E71756172747A2E7574696C732E537472696E674B65794469727479466C61674D61708208E8C3FBC55D280200015A0013616C6C6F77735472616E7369656E74446174617872001D6F72672E71756172747A2E7574696C732E4469727479466C61674D617013E62EAD28760ACE0200025A000564697274794C00036D617074000F4C6A6176612F7574696C2F4D61703B787000737200116A6176612E7574696C2E486173684D61700507DAC1C31660D103000246000A6C6F6164466163746F724900097468726573686F6C6478703F4000000000000F770800000010000000007800);
INSERT INTO `EAYUN_QRTZ_JOB_DETAILS` VALUES ('scheduler', 'b69e557e015640fea792bdc30cb9da94', 'sysLogJob', 'deleteSysLog', 'com.eayun.schedule.job.EayunJob', '0', '1', '1', '0', 0xACED0005737200156F72672E71756172747A2E4A6F62446174614D61709FB083E8BFA9B0CB020000787200266F72672E71756172747A2E7574696C732E537472696E674B65794469727479466C61674D61708208E8C3FBC55D280200015A0013616C6C6F77735472616E7369656E74446174617872001D6F72672E71756172747A2E7574696C732E4469727479466C61674D617013E62EAD28760ACE0200025A000564697274794C00036D617074000F4C6A6176612F7574696C2F4D61703B787000737200116A6176612E7574696C2E486173684D61700507DAC1C31660D103000246000A6C6F6164466163746F724900097468726573686F6C6478703F4000000000000F770800000010000000007800);
INSERT INTO `EAYUN_QRTZ_JOB_DETAILS` VALUES ('scheduler', '581cb1c538fd4a27acdc6fdc4be28668', 'networkFlowDetailGatherJob', 'gatherNetworkFlowDetail', 'com.eayun.schedule.job.EayunJob', '0', '1', '1', '0', 0xACED0005737200156F72672E71756172747A2E4A6F62446174614D61709FB083E8BFA9B0CB020000787200266F72672E71756172747A2E7574696C732E537472696E674B65794469727479466C61674D61708208E8C3FBC55D280200015A0013616C6C6F77735472616E7369656E74446174617872001D6F72672E71756172747A2E7574696C732E4469727479466C61674D617013E62EAD28760ACE0200025A000564697274794C00036D617074000F4C6A6176612F7574696C2F4D61703B787000737200116A6176612E7574696C2E486173684D61700507DAC1C31660D103000246000A6C6F6164466163746F724900097468726573686F6C6478703F4000000000000F770800000010000000007800);
INSERT INTO `EAYUN_QRTZ_JOB_DETAILS` VALUES ('scheduler', '9fa5cb7d9fb34532a5d5452fd73a72ff', 'networkFlowSummaryGatherJob', 'gatherNetworkFlowSummary', 'com.eayun.schedule.job.EayunJob', '0', '1', '1', '0', 0xACED0005737200156F72672E71756172747A2E4A6F62446174614D61709FB083E8BFA9B0CB020000787200266F72672E71756172747A2E7574696C732E537472696E674B65794469727479466C61674D61708208E8C3FBC55D280200015A0013616C6C6F77735472616E7369656E74446174617872001D6F72672E71756172747A2E7574696C732E4469727479466C61674D617013E62EAD28760ACE0200025A000564697274794C00036D617074000F4C6A6176612F7574696C2F4D61703B787000737200116A6176612E7574696C2E486173684D61700507DAC1C31660D103000246000A6C6F6164466163746F724900097468726573686F6C6478703F4000000000000F770800000010000000007800);
INSERT INTO `EAYUN_QRTZ_JOB_DETAILS` VALUES ('scheduler', 'f5e012653e9044139e978f9d79bbb4e7', 'ecmcStatusCalculateJob', 'sendEcmcMonitorAlarm', 'com.eayun.schedule.job.EayunJob', '0', '1', '1', '0', 0xACED0005737200156F72672E71756172747A2E4A6F62446174614D61709FB083E8BFA9B0CB020000787200266F72672E71756172747A2E7574696C732E537472696E674B65794469727479466C61674D61708208E8C3FBC55D280200015A0013616C6C6F77735472616E7369656E74446174617872001D6F72672E71756172747A2E7574696C732E4469727479466C61674D617013E62EAD28760ACE0200025A000564697274794C00036D617074000F4C6A6176612F7574696C2F4D61703B787000737200116A6176612E7574696C2E486173684D61700507DAC1C31660D103000246000A6C6F6164466163746F724900097468726573686F6C6478703F4000000000000F770800000010000000007800);
INSERT INTO `EAYUN_QRTZ_JOB_DETAILS` VALUES ('scheduler', '9f710d04ee5a457d9f3f420a77a61d8a', 'ecmcWorkorderJob', 'sendWorkorderMsg', 'com.eayun.schedule.job.EayunJob', '0', '1', '1', '0', 0xACED0005737200156F72672E71756172747A2E4A6F62446174614D61709FB083E8BFA9B0CB020000787200266F72672E71756172747A2E7574696C732E537472696E674B65794469727479466C61674D61708208E8C3FBC55D280200015A0013616C6C6F77735472616E7369656E74446174617872001D6F72672E71756172747A2E7574696C732E4469727479466C61674D617013E62EAD28760ACE0200025A000564697274794C00036D617074000F4C6A6176612F7574696C2F4D61703B787000737200116A6176612E7574696C2E486173684D61700507DAC1C31660D103000246000A6C6F6164466163746F724900097468726573686F6C6478703F4000000000000F770800000010000000007800);
INSERT INTO `EAYUN_QRTZ_JOB_DETAILS` VALUES ('scheduler', 'd3100f6a33be4ee09901ddb624724390', 'statusCalculateJob', 'sendMonitorAlarm', 'com.eayun.schedule.job.EayunJob', '0', '1', '1', '0', 0xACED0005737200156F72672E71756172747A2E4A6F62446174614D61709FB083E8BFA9B0CB020000787200266F72672E71756172747A2E7574696C732E537472696E674B65794469727479466C61674D61708208E8C3FBC55D280200015A0013616C6C6F77735472616E7369656E74446174617872001D6F72672E71756172747A2E7574696C732E4469727479466C61674D617013E62EAD28760ACE0200025A000564697274794C00036D617074000F4C6A6176612F7574696C2F4D61703B787000737200116A6176612E7574696C2E486173684D61700507DAC1C31660D103000246000A6C6F6164466163746F724900097468726573686F6C6478703F4000000000000F770800000010000000007800);
INSERT INTO `EAYUN_QRTZ_JOB_DETAILS` VALUES ('scheduler', '5b8170d62f2f4cb697015e88cce7daec', 'obsDetailGatherJob', 'gatherObsDetail', 'com.eayun.schedule.job.EayunJob', '0', '1', '1', '0', 0xACED0005737200156F72672E71756172747A2E4A6F62446174614D61709FB083E8BFA9B0CB020000787200266F72672E71756172747A2E7574696C732E537472696E674B65794469727479466C61674D61708208E8C3FBC55D280200015A0013616C6C6F77735472616E7369656E74446174617872001D6F72672E71756172747A2E7574696C732E4469727479466C61674D617013E62EAD28760ACE0200025A000564697274794C00036D617074000F4C6A6176612F7574696C2F4D61703B787000737200116A6176612E7574696C2E486173684D61700507DAC1C31660D103000246000A6C6F6164466163746F724900097468726573686F6C6478703F4000000000000F770800000010000000007800);
INSERT INTO `EAYUN_QRTZ_JOB_DETAILS` VALUES ('scheduler', 'd1ecde01dc644484a435c174f162a4f8', 'obsStorageDetailGatherJob', 'gatherObsStorageDetail', 'com.eayun.schedule.job.EayunJob', '0', '1', '1', '0', 0xACED0005737200156F72672E71756172747A2E4A6F62446174614D61709FB083E8BFA9B0CB020000787200266F72672E71756172747A2E7574696C732E537472696E674B65794469727479466C61674D61708208E8C3FBC55D280200015A0013616C6C6F77735472616E7369656E74446174617872001D6F72672E71756172747A2E7574696C732E4469727479466C61674D617013E62EAD28760ACE0200025A000564697274794C00036D617074000F4C6A6176612F7574696C2F4D61703B787000737200116A6176612E7574696C2E486173684D61700507DAC1C31660D103000246000A6C6F6164466163746F724900097468726573686F6C6478703F4000000000000F770800000010000000007800);
INSERT INTO `EAYUN_QRTZ_JOB_DETAILS` VALUES ('scheduler', 'b4e0ed14f79e4cc2bfeb4528f6267a21', 'obsDetailSummaryJob', 'gatherObsDetail', 'com.eayun.schedule.job.EayunJob', '0', '1', '1', '0', 0xACED0005737200156F72672E71756172747A2E4A6F62446174614D61709FB083E8BFA9B0CB020000787200266F72672E71756172747A2E7574696C732E537472696E674B65794469727479466C61674D61708208E8C3FBC55D280200015A0013616C6C6F77735472616E7369656E74446174617872001D6F72672E71756172747A2E7574696C732E4469727479466C61674D617013E62EAD28760ACE0200025A000564697274794C00036D617074000F4C6A6176612F7574696C2F4D61703B787000737200116A6176612E7574696C2E486173684D61700507DAC1C31660D103000246000A6C6F6164466163746F724900097468726573686F6C6478703F4000000000000F770800000010000000007800);
INSERT INTO `EAYUN_QRTZ_JOB_DETAILS` VALUES ('scheduler', '83e43cbe98fb44cbac6384c479362514', 'obsStorageDetailSummaryJob', 'gatherObsStorageDetail', 'com.eayun.schedule.job.EayunJob', '0', '1', '1', '0', 0xACED0005737200156F72672E71756172747A2E4A6F62446174614D61709FB083E8BFA9B0CB020000787200266F72672E71756172747A2E7574696C732E537472696E674B65794469727479466C61674D61708208E8C3FBC55D280200015A0013616C6C6F77735472616E7369656E74446174617872001D6F72672E71756172747A2E7574696C732E4469727479466C61674D617013E62EAD28760ACE0200025A000564697274794C00036D617074000F4C6A6176612F7574696C2F4D61703B787000737200116A6176612E7574696C2E486173684D61700507DAC1C31660D103000246000A6C6F6164466163746F724900097468726573686F6C6478703F4000000000000F770800000010000000007800);
INSERT INTO `EAYUN_QRTZ_JOB_DETAILS` VALUES ('scheduler', '453875e8f66c40c4a549a863cb80d32a', 'obsSortDetailSummaryJob', 'gatherObsSortDetail', 'com.eayun.schedule.job.EayunJob', '0', '1', '1', '0', 0xACED0005737200156F72672E71756172747A2E4A6F62446174614D61709FB083E8BFA9B0CB020000787200266F72672E71756172747A2E7574696C732E537472696E674B65794469727479466C61674D61708208E8C3FBC55D280200015A0013616C6C6F77735472616E7369656E74446174617872001D6F72672E71756172747A2E7574696C732E4469727479466C61674D617013E62EAD28760ACE0200025A000564697274794C00036D617074000F4C6A6176612F7574696C2F4D61703B787000737200116A6176612E7574696C2E486173684D61700507DAC1C31660D103000246000A6C6F6164466163746F724900097468726573686F6C6478703F4000000000000F770800000010000000007800);
INSERT INTO `EAYUN_QRTZ_JOB_DETAILS` VALUES ('scheduler', '18166acbd198453ab5f4b4d6bb2bfd28', 'obsStorageSortDetailSummaryJob', 'gatherObsStorageSortDetail', 'com.eayun.schedule.job.EayunJob', '0', '1', '1', '0', 0xACED0005737200156F72672E71756172747A2E4A6F62446174614D61709FB083E8BFA9B0CB020000787200266F72672E71756172747A2E7574696C732E537472696E674B65794469727479466C61674D61708208E8C3FBC55D280200015A0013616C6C6F77735472616E7369656E74446174617872001D6F72672E71756172747A2E7574696C732E4469727479466C61674D617013E62EAD28760ACE0200025A000564697274794C00036D617074000F4C6A6176612F7574696C2F4D61703B787000737200116A6176612E7574696C2E486173684D61700507DAC1C31660D103000246000A6C6F6164466163746F724900097468726573686F6C6478703F4000000000000F770800000010000000007800);
INSERT INTO `EAYUN_QRTZ_JOB_DETAILS` VALUES ('scheduler', '1dce8cc36d49476785e10fd69822e058', 'obsDetailMonthSummaryJob', 'gatherObsDetail', 'com.eayun.schedule.job.EayunJob', '0', '1', '1', '0', 0xACED0005737200156F72672E71756172747A2E4A6F62446174614D61709FB083E8BFA9B0CB020000787200266F72672E71756172747A2E7574696C732E537472696E674B65794469727479466C61674D61708208E8C3FBC55D280200015A0013616C6C6F77735472616E7369656E74446174617872001D6F72672E71756172747A2E7574696C732E4469727479466C61674D617013E62EAD28760ACE0200025A000564697274794C00036D617074000F4C6A6176612F7574696C2F4D61703B787000737200116A6176612E7574696C2E486173684D61700507DAC1C31660D103000246000A6C6F6164466163746F724900097468726573686F6C6478703F4000000000000F770800000010000000007800);
INSERT INTO `EAYUN_QRTZ_JOB_DETAILS` VALUES ('scheduler', '312ff3ddb37849b49a0e00f7718ff6a2', 'obsStorageDetailMonthSummaryJob', 'gatherObsStorageDetail', 'com.eayun.schedule.job.EayunJob', '0', '1', '1', '0', 0xACED0005737200156F72672E71756172747A2E4A6F62446174614D61709FB083E8BFA9B0CB020000787200266F72672E71756172747A2E7574696C732E537472696E674B65794469727479466C61674D61708208E8C3FBC55D280200015A0013616C6C6F77735472616E7369656E74446174617872001D6F72672E71756172747A2E7574696C732E4469727479466C61674D617013E62EAD28760ACE0200025A000564697274794C00036D617074000F4C6A6176612F7574696C2F4D61703B787000737200116A6176612E7574696C2E486173684D61700507DAC1C31660D103000246000A6C6F6164466163746F724900097468726573686F6C6478703F4000000000000F770800000010000000007800);
INSERT INTO `EAYUN_QRTZ_JOB_DETAILS` VALUES ('scheduler', 'b94ec6dac85b417e9dec0d6eac0693e2', 'cloudVmJob', 'updateVmState', 'com.eayun.schedule.job.EayunJob', '0', '1', '1', '0', 0xACED0005737200156F72672E71756172747A2E4A6F62446174614D61709FB083E8BFA9B0CB020000787200266F72672E71756172747A2E7574696C732E537472696E674B65794469727479466C61674D61708208E8C3FBC55D280200015A0013616C6C6F77735472616E7369656E74446174617872001D6F72672E71756172747A2E7574696C732E4469727479466C61674D617013E62EAD28760ACE0200025A000564697274794C00036D617074000F4C6A6176612F7574696C2F4D61703B787000737200116A6176612E7574696C2E486173684D61700507DAC1C31660D103000246000A6C6F6164466163746F724900097468726573686F6C6478703F4000000000000F770800000010000000007800);
INSERT INTO `EAYUN_QRTZ_JOB_DETAILS` VALUES ('scheduler', 'b7f108454a2c481f87043f6ad2299ab6', 'cloudVolumeJob', 'updateVolumeState', 'com.eayun.schedule.job.EayunJob', '0', '1', '1', '0', 0xACED0005737200156F72672E71756172747A2E4A6F62446174614D61709FB083E8BFA9B0CB020000787200266F72672E71756172747A2E7574696C732E537472696E674B65794469727479466C61674D61708208E8C3FBC55D280200015A0013616C6C6F77735472616E7369656E74446174617872001D6F72672E71756172747A2E7574696C732E4469727479466C61674D617013E62EAD28760ACE0200025A000564697274794C00036D617074000F4C6A6176612F7574696C2F4D61703B787000737200116A6176612E7574696C2E486173684D61700507DAC1C31660D103000246000A6C6F6164466163746F724900097468726573686F6C6478703F4000000000000F770800000010000000007800);
INSERT INTO `EAYUN_QRTZ_JOB_DETAILS` VALUES ('scheduler', '56d3e78c09034d3cbe067abc0ebeba82', 'cloudVolumeSnapJob', 'updateVolumeSnapState', 'com.eayun.schedule.job.EayunJob', '0', '1', '1', '0', 0xACED0005737200156F72672E71756172747A2E4A6F62446174614D61709FB083E8BFA9B0CB020000787200266F72672E71756172747A2E7574696C732E537472696E674B65794469727479466C61674D61708208E8C3FBC55D280200015A0013616C6C6F77735472616E7369656E74446174617872001D6F72672E71756172747A2E7574696C732E4469727479466C61674D617013E62EAD28760ACE0200025A000564697274794C00036D617074000F4C6A6176612F7574696C2F4D61703B787000737200116A6176612E7574696C2E486173684D61700507DAC1C31660D103000246000A6C6F6164466163746F724900097468726573686F6C6478703F4000000000000F770800000010000000007800);
INSERT INTO `EAYUN_QRTZ_JOB_DETAILS` VALUES ('scheduler', '634588cebff74bb5b58ae2b5963afe5e', 'cloudFirewallJob', 'updateFireWallState', 'com.eayun.schedule.job.EayunJob', '0', '1', '1', '0', 0xACED0005737200156F72672E71756172747A2E4A6F62446174614D61709FB083E8BFA9B0CB020000787200266F72672E71756172747A2E7574696C732E537472696E674B65794469727479466C61674D61708208E8C3FBC55D280200015A0013616C6C6F77735472616E7369656E74446174617872001D6F72672E71756172747A2E7574696C732E4469727479466C61674D617013E62EAD28760ACE0200025A000564697274794C00036D617074000F4C6A6176612F7574696C2F4D61703B787000737200116A6176612E7574696C2E486173684D61700507DAC1C31660D103000246000A6C6F6164466163746F724900097468726573686F6C6478703F4000000000000F770800000010000000007800);
INSERT INTO `EAYUN_QRTZ_JOB_DETAILS` VALUES ('scheduler', '15961979a2b64cfd93b03c6eccdd8891', 'cloudImageJob', 'updateImageState', 'com.eayun.schedule.job.EayunJob', '0', '1', '1', '0', 0xACED0005737200156F72672E71756172747A2E4A6F62446174614D61709FB083E8BFA9B0CB020000787200266F72672E71756172747A2E7574696C732E537472696E674B65794469727479466C61674D61708208E8C3FBC55D280200015A0013616C6C6F77735472616E7369656E74446174617872001D6F72672E71756172747A2E7574696C732E4469727479466C61674D617013E62EAD28760ACE0200025A000564697274794C00036D617074000F4C6A6176612F7574696C2F4D61703B787000737200116A6176612E7574696C2E486173684D61700507DAC1C31660D103000246000A6C6F6164466163746F724900097468726573686F6C6478703F4000000000000F770800000010000000007800);
INSERT INTO `EAYUN_QRTZ_JOB_DETAILS` VALUES ('scheduler', '21d6aca4066f4c7c99c2459fe8da4997', 'cloudLdMemberJob', 'updateLdMemberState', 'com.eayun.schedule.job.EayunJob', '0', '1', '1', '0', 0xACED0005737200156F72672E71756172747A2E4A6F62446174614D61709FB083E8BFA9B0CB020000787200266F72672E71756172747A2E7574696C732E537472696E674B65794469727479466C61674D61708208E8C3FBC55D280200015A0013616C6C6F77735472616E7369656E74446174617872001D6F72672E71756172747A2E7574696C732E4469727479466C61674D617013E62EAD28760ACE0200025A000564697274794C00036D617074000F4C6A6176612F7574696C2F4D61703B787000737200116A6176612E7574696C2E486173684D61700507DAC1C31660D103000246000A6C6F6164466163746F724900097468726573686F6C6478703F4000000000000F770800000010000000007800);
INSERT INTO `EAYUN_QRTZ_JOB_DETAILS` VALUES ('scheduler', '963b5da5694945d1bbe6b62bbf5f7535', 'cloudLdPoolJob', 'updateLdPoolState', 'com.eayun.schedule.job.EayunJob', '0', '1', '1', '0', 0xACED0005737200156F72672E71756172747A2E4A6F62446174614D61709FB083E8BFA9B0CB020000787200266F72672E71756172747A2E7574696C732E537472696E674B65794469727479466C61674D61708208E8C3FBC55D280200015A0013616C6C6F77735472616E7369656E74446174617872001D6F72672E71756172747A2E7574696C732E4469727479466C61674D617013E62EAD28760ACE0200025A000564697274794C00036D617074000F4C6A6176612F7574696C2F4D61703B787000737200116A6176612E7574696C2E486173684D61700507DAC1C31660D103000246000A6C6F6164466163746F724900097468726573686F6C6478703F4000000000000F770800000010000000007800);
INSERT INTO `EAYUN_QRTZ_JOB_DETAILS` VALUES ('scheduler', '5c2ea3073aa948f09dc90b521d1028ed', 'cloudLdVipJob', 'updateLdVipState', 'com.eayun.schedule.job.EayunJob', '0', '1', '1', '0', 0xACED0005737200156F72672E71756172747A2E4A6F62446174614D61709FB083E8BFA9B0CB020000787200266F72672E71756172747A2E7574696C732E537472696E674B65794469727479466C61674D61708208E8C3FBC55D280200015A0013616C6C6F77735472616E7369656E74446174617872001D6F72672E71756172747A2E7574696C732E4469727479466C61674D617013E62EAD28760ACE0200025A000564697274794C00036D617074000F4C6A6176612F7574696C2F4D61703B787000737200116A6176612E7574696C2E486173684D61700507DAC1C31660D103000246000A6C6F6164466163746F724900097468726573686F6C6478703F4000000000000F770800000010000000007800);
INSERT INTO `EAYUN_QRTZ_JOB_DETAILS` VALUES ('scheduler', 'ef5105fda36a44c1bf4f5ead59651578', 'cloudVmAttVolJob', 'updateVmAttVolState', 'com.eayun.schedule.job.EayunJob', '0', '1', '1', '0', 0xACED0005737200156F72672E71756172747A2E4A6F62446174614D61709FB083E8BFA9B0CB020000787200266F72672E71756172747A2E7574696C732E537472696E674B65794469727479466C61674D61708208E8C3FBC55D280200015A0013616C6C6F77735472616E7369656E74446174617872001D6F72672E71756172747A2E7574696C732E4469727479466C61674D617013E62EAD28760ACE0200025A000564697274794C00036D617074000F4C6A6176612F7574696C2F4D61703B787000737200116A6176612E7574696C2E486173684D61700507DAC1C31660D103000246000A6C6F6164466163746F724900097468726573686F6C6478703F4000000000000F770800000010000000007800);
INSERT INTO `EAYUN_QRTZ_JOB_DETAILS` VALUES ('scheduler', '385596b3fad14db6a76af5de9d94953b', 'syncAllCloudResourceJob', 'syncAllCloudResource', 'com.eayun.schedule.job.EayunJob', '0', '1', '1', '0', 0xACED0005737200156F72672E71756172747A2E4A6F62446174614D61709FB083E8BFA9B0CB020000787200266F72672E71756172747A2E7574696C732E537472696E674B65794469727479466C61674D61708208E8C3FBC55D280200015A0013616C6C6F77735472616E7369656E74446174617872001D6F72672E71756172747A2E7574696C732E4469727479466C61674D617013E62EAD28760ACE0200025A000564697274794C00036D617074000F4C6A6176612F7574696C2F4D61703B787000737200116A6176612E7574696C2E486173684D61700507DAC1C31660D103000246000A6C6F6164466163746F724900097468726573686F6C6478703F4000000000000F770800000010000000007800);
INSERT INTO `EAYUN_QRTZ_JOB_DETAILS` VALUES ('scheduler', '27c449bd555447958eebfb976c1e79f4', 'vmMonitorSummaryGatherJob', 'gatherVmMonitor', 'com.eayun.schedule.job.EayunJob', '0', '1', '1', '0', 0xACED0005737200156F72672E71756172747A2E4A6F62446174614D61709FB083E8BFA9B0CB020000787200266F72672E71756172747A2E7574696C732E537472696E674B65794469727479466C61674D61708208E8C3FBC55D280200015A0013616C6C6F77735472616E7369656E74446174617872001D6F72672E71756172747A2E7574696C732E4469727479466C61674D617013E62EAD28760ACE0200025A000564697274794C00036D617074000F4C6A6176612F7574696C2F4D61703B787001737200116A6176612E7574696C2E486173684D61700507DAC1C31660D103000246000A6C6F6164466163746F724900097468726573686F6C6478703F4000000000000C77080000001000000001740008696E74657276616C740004336D696E7800);
INSERT INTO `EAYUN_QRTZ_JOB_DETAILS` VALUES ('scheduler', 'd05eecfc17824ccbae2197af9bd91d49', 'vmMonitorSummaryGatherJob', 'gatherVmMonitor', 'com.eayun.schedule.job.EayunJob', '0', '1', '1', '0', 0xACED0005737200156F72672E71756172747A2E4A6F62446174614D61709FB083E8BFA9B0CB020000787200266F72672E71756172747A2E7574696C732E537472696E674B65794469727479466C61674D61708208E8C3FBC55D280200015A0013616C6C6F77735472616E7369656E74446174617872001D6F72672E71756172747A2E7574696C732E4469727479466C61674D617013E62EAD28760ACE0200025A000564697274794C00036D617074000F4C6A6176612F7574696C2F4D61703B787001737200116A6176612E7574696C2E486173684D61700507DAC1C31660D103000246000A6C6F6164466163746F724900097468726573686F6C6478703F4000000000000C77080000001000000001740008696E74657276616C740004356D696E7800);
INSERT INTO `EAYUN_QRTZ_JOB_DETAILS` VALUES ('scheduler', '7f96bd0ccf324af99e5b72a5000079bc', 'vmMonitorSummaryGatherJob', 'gatherVmMonitor', 'com.eayun.schedule.job.EayunJob', '0', '1', '1', '0', 0xACED0005737200156F72672E71756172747A2E4A6F62446174614D61709FB083E8BFA9B0CB020000787200266F72672E71756172747A2E7574696C732E537472696E674B65794469727479466C61674D61708208E8C3FBC55D280200015A0013616C6C6F77735472616E7369656E74446174617872001D6F72672E71756172747A2E7574696C732E4469727479466C61674D617013E62EAD28760ACE0200025A000564697274794C00036D617074000F4C6A6176612F7574696C2F4D61703B787001737200116A6176612E7574696C2E486173684D61700507DAC1C31660D103000246000A6C6F6164466163746F724900097468726573686F6C6478703F4000000000000C77080000001000000001740008696E74657276616C74000531306D696E7800);
INSERT INTO `EAYUN_QRTZ_JOB_DETAILS` VALUES ('scheduler', '8a0f87f3101b4902be67a5bf7903cc22', 'vmMonitorSummaryGatherJob', 'gatherVmMonitor', 'com.eayun.schedule.job.EayunJob', '0', '1', '1', '0', 0xACED0005737200156F72672E71756172747A2E4A6F62446174614D61709FB083E8BFA9B0CB020000787200266F72672E71756172747A2E7574696C732E537472696E674B65794469727479466C61674D61708208E8C3FBC55D280200015A0013616C6C6F77735472616E7369656E74446174617872001D6F72672E71756172747A2E7574696C732E4469727479466C61674D617013E62EAD28760ACE0200025A000564697274794C00036D617074000F4C6A6176612F7574696C2F4D61703B787001737200116A6176612E7574696C2E486173684D61700507DAC1C31660D103000246000A6C6F6164466163746F724900097468726573686F6C6478703F4000000000000C77080000001000000001740008696E74657276616C74000231687800);
INSERT INTO `EAYUN_QRTZ_JOB_DETAILS` VALUES ('scheduler', '70e81695cc734087800b5fa51377239c', 'vmMonitorSummaryGatherJob', 'gatherVmMonitor', 'com.eayun.schedule.job.EayunJob', '0', '1', '1', '0', 0xACED0005737200156F72672E71756172747A2E4A6F62446174614D61709FB083E8BFA9B0CB020000787200266F72672E71756172747A2E7574696C732E537472696E674B65794469727479466C61674D61708208E8C3FBC55D280200015A0013616C6C6F77735472616E7369656E74446174617872001D6F72672E71756172747A2E7574696C732E4469727479466C61674D617013E62EAD28760ACE0200025A000564697274794C00036D617074000F4C6A6176612F7574696C2F4D61703B787001737200116A6176612E7574696C2E486173684D61700507DAC1C31660D103000246000A6C6F6164466163746F724900097468726573686F6C6478703F4000000000000C77080000001000000001740008696E74657276616C74000231647800);
INSERT INTO `EAYUN_QRTZ_JOB_DETAILS` VALUES ('scheduler', '6594e709a655428cb2241e706549f7a8', 'vmMonitorDetailGatherJob', 'gatherVmMonitorDetail', 'com.eayun.schedule.job.EayunJob', '0', '1', '1', '0', 0xACED0005737200156F72672E71756172747A2E4A6F62446174614D61709FB083E8BFA9B0CB020000787200266F72672E71756172747A2E7574696C732E537472696E674B65794469727479466C61674D61708208E8C3FBC55D280200015A0013616C6C6F77735472616E7369656E74446174617872001D6F72672E71756172747A2E7574696C732E4469727479466C61674D617013E62EAD28760ACE0200025A000564697274794C00036D617074000F4C6A6176612F7574696C2F4D61703B787000737200116A6176612E7574696C2E486173684D61700507DAC1C31660D103000246000A6C6F6164466163746F724900097468726573686F6C6478703F4000000000000F770800000010000000007800);
INSERT INTO `EAYUN_QRTZ_JOB_DETAILS` VALUES ('scheduler', '9de3a06ae02549859be45561799c0b9e', 'smsTimmerJob', 'sendSms', 'com.eayun.schedule.job.EayunJob', '0', '1', '1', '0', 0xACED0005737200156F72672E71756172747A2E4A6F62446174614D61709FB083E8BFA9B0CB020000787200266F72672E71756172747A2E7574696C732E537472696E674B65794469727479466C61674D61708208E8C3FBC55D280200015A0013616C6C6F77735472616E7369656E74446174617872001D6F72672E71756172747A2E7574696C732E4469727479466C61674D617013E62EAD28760ACE0200025A000564697274794C00036D617074000F4C6A6176612F7574696C2F4D61703B787000737200116A6176612E7574696C2E486173684D61700507DAC1C31660D103000246000A6C6F6164466163746F724900097468726573686F6C6478703F4000000000000F770800000010000000007800);

-- ----------------------------
-- Table structure for EAYUN_QRTZ_LOCKS
-- ----------------------------
DROP TABLE IF EXISTS `EAYUN_QRTZ_LOCKS`;
CREATE TABLE `EAYUN_QRTZ_LOCKS` (
  `SCHED_NAME` varchar(120) NOT NULL,
  `LOCK_NAME` varchar(40) NOT NULL,
  PRIMARY KEY (`SCHED_NAME`,`LOCK_NAME`)
) ENGINE=MyISAM DEFAULT CHARSET=utf8;

-- ----------------------------
-- Records of EAYUN_QRTZ_LOCKS
-- ----------------------------
INSERT INTO `EAYUN_QRTZ_LOCKS` VALUES ('scheduler', 'STATE_ACCESS');
INSERT INTO `EAYUN_QRTZ_LOCKS` VALUES ('scheduler', 'TRIGGER_ACCESS');

-- ----------------------------
-- Table structure for EAYUN_QRTZ_PAUSED_TRIGGER_GRPS
-- ----------------------------
DROP TABLE IF EXISTS `EAYUN_QRTZ_PAUSED_TRIGGER_GRPS`;
CREATE TABLE `EAYUN_QRTZ_PAUSED_TRIGGER_GRPS` (
  `SCHED_NAME` varchar(120) NOT NULL,
  `TRIGGER_GROUP` varchar(200) NOT NULL,
  PRIMARY KEY (`SCHED_NAME`,`TRIGGER_GROUP`)
) ENGINE=MyISAM DEFAULT CHARSET=utf8;

-- ----------------------------
-- Records of EAYUN_QRTZ_PAUSED_TRIGGER_GRPS
-- ----------------------------

-- ----------------------------
-- Table structure for EAYUN_QRTZ_SCHEDULER_STATE
-- ----------------------------
DROP TABLE IF EXISTS `EAYUN_QRTZ_SCHEDULER_STATE`;
CREATE TABLE `EAYUN_QRTZ_SCHEDULER_STATE` (
  `SCHED_NAME` varchar(120) NOT NULL,
  `INSTANCE_NAME` varchar(200) NOT NULL,
  `LAST_CHECKIN_TIME` bigint(13) NOT NULL,
  `CHECKIN_INTERVAL` bigint(13) NOT NULL,
  PRIMARY KEY (`SCHED_NAME`,`INSTANCE_NAME`)
) ENGINE=MyISAM DEFAULT CHARSET=utf8;

-- ----------------------------
-- Records of EAYUN_QRTZ_SCHEDULER_STATE
-- ----------------------------
INSERT INTO `EAYUN_QRTZ_SCHEDULER_STATE` VALUES ('scheduler', 'zengbo-pc1468553754217', '1468576802138', '20000');

-- ----------------------------
-- Table structure for EAYUN_QRTZ_SIMPLE_TRIGGERS
-- ----------------------------
DROP TABLE IF EXISTS `EAYUN_QRTZ_SIMPLE_TRIGGERS`;
CREATE TABLE `EAYUN_QRTZ_SIMPLE_TRIGGERS` (
  `SCHED_NAME` varchar(120) NOT NULL,
  `TRIGGER_NAME` varchar(100) NOT NULL,
  `TRIGGER_GROUP` varchar(100) NOT NULL,
  `REPEAT_COUNT` bigint(7) NOT NULL,
  `REPEAT_INTERVAL` bigint(12) NOT NULL,
  `TIMES_TRIGGERED` bigint(10) NOT NULL,
  PRIMARY KEY (`SCHED_NAME`,`TRIGGER_NAME`,`TRIGGER_GROUP`)
) ENGINE=MyISAM DEFAULT CHARSET=utf8;

-- ----------------------------
-- Records of EAYUN_QRTZ_SIMPLE_TRIGGERS
-- ----------------------------

-- ----------------------------
-- Table structure for EAYUN_QRTZ_SIMPROP_TRIGGERS
-- ----------------------------
DROP TABLE IF EXISTS `EAYUN_QRTZ_SIMPROP_TRIGGERS`;
CREATE TABLE `EAYUN_QRTZ_SIMPROP_TRIGGERS` (
  `SCHED_NAME` varchar(120) NOT NULL,
  `TRIGGER_NAME` varchar(100) NOT NULL,
  `TRIGGER_GROUP` varchar(100) NOT NULL,
  `STR_PROP_1` varchar(512) DEFAULT NULL,
  `STR_PROP_2` varchar(512) DEFAULT NULL,
  `STR_PROP_3` varchar(512) DEFAULT NULL,
  `INT_PROP_1` int(11) DEFAULT NULL,
  `INT_PROP_2` int(11) DEFAULT NULL,
  `LONG_PROP_1` bigint(20) DEFAULT NULL,
  `LONG_PROP_2` bigint(20) DEFAULT NULL,
  `DEC_PROP_1` decimal(13,4) DEFAULT NULL,
  `DEC_PROP_2` decimal(13,4) DEFAULT NULL,
  `BOOL_PROP_1` varchar(1) DEFAULT NULL,
  `BOOL_PROP_2` varchar(1) DEFAULT NULL,
  PRIMARY KEY (`SCHED_NAME`,`TRIGGER_NAME`,`TRIGGER_GROUP`)
) ENGINE=MyISAM DEFAULT CHARSET=utf8;

-- ----------------------------
-- Records of EAYUN_QRTZ_SIMPROP_TRIGGERS
-- ----------------------------

-- ----------------------------
-- Table structure for EAYUN_QRTZ_TRIGGERS
-- ----------------------------
DROP TABLE IF EXISTS `EAYUN_QRTZ_TRIGGERS`;
CREATE TABLE `EAYUN_QRTZ_TRIGGERS` (
  `SCHED_NAME` varchar(120) NOT NULL,
  `TRIGGER_NAME` varchar(100) NOT NULL,
  `TRIGGER_GROUP` varchar(100) NOT NULL,
  `JOB_NAME` varchar(100) NOT NULL,
  `JOB_GROUP` varchar(100) NOT NULL,
  `DESCRIPTION` varchar(250) DEFAULT NULL,
  `NEXT_FIRE_TIME` bigint(13) DEFAULT NULL,
  `PREV_FIRE_TIME` bigint(13) DEFAULT NULL,
  `PRIORITY` int(11) DEFAULT NULL,
  `TRIGGER_STATE` varchar(16) NOT NULL,
  `TRIGGER_TYPE` varchar(8) NOT NULL,
  `START_TIME` bigint(13) NOT NULL,
  `END_TIME` bigint(13) DEFAULT NULL,
  `CALENDAR_NAME` varchar(200) DEFAULT NULL,
  `MISFIRE_INSTR` smallint(2) DEFAULT NULL,
  `JOB_DATA` blob,
  PRIMARY KEY (`SCHED_NAME`,`TRIGGER_NAME`,`TRIGGER_GROUP`),
  KEY `SCHED_NAME` (`SCHED_NAME`,`JOB_NAME`,`JOB_GROUP`)
) ENGINE=MyISAM DEFAULT CHARSET=utf8;

-- ----------------------------
-- Records of EAYUN_QRTZ_TRIGGERS
-- ----------------------------
INSERT INTO `EAYUN_QRTZ_TRIGGERS` VALUES ('scheduler', 'b69e557e015640fea792bdc30cb9da94', 'DEFAULT', 'b69e557e015640fea792bdc30cb9da94', 'sysLogJob', '删除180天以前的日志', '1468599000000', '1468554199392', '5', 'WAITING', 'CRON', '1468480237000', '0', null, '0', '');
INSERT INTO `EAYUN_QRTZ_TRIGGERS` VALUES ('scheduler', '581cb1c538fd4a27acdc6fdc4be28668', 'DEFAULT', '581cb1c538fd4a27acdc6fdc4be28668', 'networkFlowDetailGatherJob', '通过底层采集项目流量数据保存至mongodb', '1468576800000', '1468576740000', '5', 'WAITING', 'CRON', '1468480427000', '0', null, '0', '');
INSERT INTO `EAYUN_QRTZ_TRIGGERS` VALUES ('scheduler', '9fa5cb7d9fb34532a5d5452fd73a72ff', 'DEFAULT', '9fa5cb7d9fb34532a5d5452fd73a72ff', 'networkFlowSummaryGatherJob', '通过mongodb汇总前一天项目的流量数据保存至mongodb', '1468598700000', '1468553799474', '5', 'WAITING', 'CRON', '1468480462000', '0', null, '0', '');
INSERT INTO `EAYUN_QRTZ_TRIGGERS` VALUES ('scheduler', 'f5e012653e9044139e978f9d79bbb4e7', 'DEFAULT', 'f5e012653e9044139e978f9d79bbb4e7', 'ecmcStatusCalculateJob', '针对ecmc定时发送告警（短信和邮件）', '1468559520000', '1468559460000', '5', 'BLOCKED', 'CRON', '1468398868000', '0', null, '0', '');
INSERT INTO `EAYUN_QRTZ_TRIGGERS` VALUES ('scheduler', '7fb42a663c7c4256a01ad5546e8ccba3', 'DEFAULT', '7fb42a663c7c4256a01ad5546e8ccba3', 'newsDeleteJob', '删除30天以前未收藏的消息', '1468599300000', '1468553967571', '5', 'WAITING', 'CRON', '1468480632000', '0', null, '0', '');
INSERT INTO `EAYUN_QRTZ_TRIGGERS` VALUES ('scheduler', '73d36b74bd1449ba85477f1741294dc8', 'DEFAULT', '73d36b74bd1449ba85477f1741294dc8', 'newsCountJob', '更新消息的阅读次数、收藏次数（收藏次数-取消收藏次数）', '1468576767906', '1468576644570', '5', 'WAITING', 'CRON', '1468480515000', '0', null, '0', '');
INSERT INTO `EAYUN_QRTZ_TRIGGERS` VALUES ('scheduler', '9f710d04ee5a457d9f3f420a77a61d8a', 'DEFAULT', '9f710d04ee5a457d9f3f420a77a61d8a', 'ecmcWorkorderJob', '针对待处理和处理中状态的工单时间超过5分钟，则发送无人受理的邮件消息', '1468576765744', '1468576525000', '5', 'WAITING', 'CRON', '1468480206000', '0', null, '0', '');
INSERT INTO `EAYUN_QRTZ_TRIGGERS` VALUES ('scheduler', 'd3100f6a33be4ee09901ddb624724390', 'DEFAULT', 'd3100f6a33be4ee09901ddb624724390', 'statusCalculateJob', '定时发送告警（短信和邮件）', '1468576800000', '1468576740000', '5', 'WAITING', 'CRON', '1468480149000', '0', null, '0', '');
INSERT INTO `EAYUN_QRTZ_TRIGGERS` VALUES ('scheduler', '5b8170d62f2f4cb697015e88cce7daec', 'DEFAULT', '5b8170d62f2f4cb697015e88cce7daec', 'obsDetailGatherJob', '采集1小时前对象存储的下载流量、请求次数保存至mongodb', '1468576800000', '1468573200000', '5', 'WAITING', 'CRON', '1468480678000', '0', null, '0', '');
INSERT INTO `EAYUN_QRTZ_TRIGGERS` VALUES ('scheduler', 'd1ecde01dc644484a435c174f162a4f8', 'DEFAULT', 'd1ecde01dc644484a435c174f162a4f8', 'obsStorageDetailGatherJob', '采集存储容量保存至mongodb', '1468576800000', '1468573200000', '5', 'WAITING', 'CRON', '1468480717000', '0', null, '0', '');
INSERT INTO `EAYUN_QRTZ_TRIGGERS` VALUES ('scheduler', 'b4e0ed14f79e4cc2bfeb4528f6267a21', 'DEFAULT', 'b4e0ed14f79e4cc2bfeb4528f6267a21', 'obsDetailSummaryJob', '每天汇总下载流量、请求次数保存至mongodb', '1468599300000', '1468553802983', '5', 'WAITING', 'CRON', '1468480762000', '0', null, '0', '');
INSERT INTO `EAYUN_QRTZ_TRIGGERS` VALUES ('scheduler', '83e43cbe98fb44cbac6384c479362514', 'DEFAULT', '83e43cbe98fb44cbac6384c479362514', 'obsStorageDetailSummaryJob', '每天汇总存储容量保存至mongodb', '1468599300000', '1468554200507', '5', 'WAITING', 'CRON', '1468480800000', '0', null, '0', '');
INSERT INTO `EAYUN_QRTZ_TRIGGERS` VALUES ('scheduler', '453875e8f66c40c4a549a863cb80d32a', 'DEFAULT', '453875e8f66c40c4a549a863cb80d32a', 'obsSortDetailSummaryJob', '统计上周下载流量、请求次数top10保存至redis', '1468771500000', '-1', '5', 'WAITING', 'CRON', '1468480855000', '0', null, '0', '');
INSERT INTO `EAYUN_QRTZ_TRIGGERS` VALUES ('scheduler', '18166acbd198453ab5f4b4d6bb2bfd28', 'DEFAULT', '18166acbd198453ab5f4b4d6bb2bfd28', 'obsStorageSortDetailSummaryJob', '统计上周存储容量top10保存至redis', '1468771500000', '-1', '5', 'WAITING', 'CRON', '1468480918000', '0', null, '0', '');
INSERT INTO `EAYUN_QRTZ_TRIGGERS` VALUES ('scheduler', '1dce8cc36d49476785e10fd69822e058', 'DEFAULT', '1dce8cc36d49476785e10fd69822e058', 'obsDetailMonthSummaryJob', '统计上月下载流量、请求次数保存至mongodb', '1469981100000', '-1', '5', 'WAITING', 'CRON', '1468480963000', '0', null, '0', '');
INSERT INTO `EAYUN_QRTZ_TRIGGERS` VALUES ('scheduler', '312ff3ddb37849b49a0e00f7718ff6a2', 'DEFAULT', '312ff3ddb37849b49a0e00f7718ff6a2', 'obsStorageDetailMonthSummaryJob', '统计上月存储容量保存至mongodb', '1469981100000', '-1', '5', 'WAITING', 'CRON', '1468481064000', '0', null, '0', '');
INSERT INTO `EAYUN_QRTZ_TRIGGERS` VALUES ('scheduler', 'b94ec6dac85b417e9dec0d6eac0693e2', 'DEFAULT', 'b94ec6dac85b417e9dec0d6eac0693e2', 'cloudVmJob', '同步更新云主机状态', '1468576765000', '1468576760000', '5', 'WAITING', 'CRON', '1468481100000', '0', null, '0', '');
INSERT INTO `EAYUN_QRTZ_TRIGGERS` VALUES ('scheduler', 'b7f108454a2c481f87043f6ad2299ab6', 'DEFAULT', 'b7f108454a2c481f87043f6ad2299ab6', 'cloudVolumeJob', '同步更新云硬盘状态', '1468576765000', '1468576760000', '5', 'BLOCKED', 'CRON', '1468481133000', '0', null, '0', '');
INSERT INTO `EAYUN_QRTZ_TRIGGERS` VALUES ('scheduler', '56d3e78c09034d3cbe067abc0ebeba82', 'DEFAULT', '56d3e78c09034d3cbe067abc0ebeba82', 'cloudVolumeSnapJob', '同步更新云硬盘快照状态', '1468576763846', '1468576640000', '5', 'WAITING', 'CRON', '1468481160000', '0', null, '0', '');
INSERT INTO `EAYUN_QRTZ_TRIGGERS` VALUES ('scheduler', '634588cebff74bb5b58ae2b5963afe5e', 'DEFAULT', '634588cebff74bb5b58ae2b5963afe5e', 'cloudFirewallJob', '同步更新防火墙状态', '1468576761806', '1468576160000', '5', 'ACQUIRED', 'CRON', '1468481213000', '0', null, '0', '');
INSERT INTO `EAYUN_QRTZ_TRIGGERS` VALUES ('scheduler', '15961979a2b64cfd93b03c6eccdd8891', 'DEFAULT', '15961979a2b64cfd93b03c6eccdd8891', 'cloudImageJob', '同步更新自定义镜像状态', '1468576800000', '1468576620000', '5', 'WAITING', 'CRON', '1468481241000', '0', null, '0', '');
INSERT INTO `EAYUN_QRTZ_TRIGGERS` VALUES ('scheduler', '21d6aca4066f4c7c99c2459fe8da4997', 'DEFAULT', '21d6aca4066f4c7c99c2459fe8da4997', 'cloudLdMemberJob', '同步更新负载均衡状态', '1468576815335', '1468576699118', '5', 'WAITING', 'CRON', '1468481270000', '0', null, '0', '');
INSERT INTO `EAYUN_QRTZ_TRIGGERS` VALUES ('scheduler', '963b5da5694945d1bbe6b62bbf5f7535', 'DEFAULT', '963b5da5694945d1bbe6b62bbf5f7535', 'cloudLdPoolJob', '同步更新负载均衡--资源池状态', '1468576705000', '1468576700000', '5', 'WAITING', 'CRON', '1468481301000', '0', null, '0', '');
INSERT INTO `EAYUN_QRTZ_TRIGGERS` VALUES ('scheduler', '5c2ea3073aa948f09dc90b521d1028ed', 'DEFAULT', '5c2ea3073aa948f09dc90b521d1028ed', 'cloudLdVipJob', '同步更新负载均衡--浮动IP状态', '1468576817236', '1468576695337', '5', 'WAITING', 'CRON', '1468481327000', '0', null, '0', '');
INSERT INTO `EAYUN_QRTZ_TRIGGERS` VALUES ('scheduler', 'ef5105fda36a44c1bf4f5ead59651578', 'DEFAULT', 'ef5105fda36a44c1bf4f5ead59651578', 'cloudVmAttVolJob', '同步更新云主机绑定云硬盘状态', '1468576765000', '1468576760000', '5', 'WAITING', 'CRON', '1468481362000', '0', null, '0', '');
INSERT INTO `EAYUN_QRTZ_TRIGGERS` VALUES ('scheduler', '385596b3fad14db6a76af5de9d94953b', 'DEFAULT', '385596b3fad14db6a76af5de9d94953b', 'syncAllCloudResourceJob', '同步数据中心', '1468602000000', '1468553884951', '5', 'WAITING', 'CRON', '1468481396000', '0', null, '0', '');
INSERT INTO `EAYUN_QRTZ_TRIGGERS` VALUES ('scheduler', '27c449bd555447958eebfb976c1e79f4', 'DEFAULT', '27c449bd555447958eebfb976c1e79f4', 'vmMonitorSummaryGatherJob', '汇总云主机前3分钟的数据保存至mongodb', '1468576800000', '1468576620000', '5', 'WAITING', 'CRON', '1468481450000', '0', null, '0', '');
INSERT INTO `EAYUN_QRTZ_TRIGGERS` VALUES ('scheduler', 'd05eecfc17824ccbae2197af9bd91d49', 'DEFAULT', 'd05eecfc17824ccbae2197af9bd91d49', 'vmMonitorSummaryGatherJob', '汇总云主机前5分钟的数据保存至mongodb', '1468576803000', '1468576503000', '5', 'WAITING', 'CRON', '1468481501000', '0', null, '0', '');
INSERT INTO `EAYUN_QRTZ_TRIGGERS` VALUES ('scheduler', '7f96bd0ccf324af99e5b72a5000079bc', 'DEFAULT', '7f96bd0ccf324af99e5b72a5000079bc', 'vmMonitorSummaryGatherJob', '汇总云主机前10分钟的数据保存至mongodb', '1468576806000', '1468576206000', '5', 'WAITING', 'CRON', '1468481549000', '0', null, '0', '');
INSERT INTO `EAYUN_QRTZ_TRIGGERS` VALUES ('scheduler', '8a0f87f3101b4902be67a5bf7903cc22', 'DEFAULT', '8a0f87f3101b4902be67a5bf7903cc22', 'vmMonitorSummaryGatherJob', '汇总云主机前1小时的数据保存至mongodb', '1468576810000', '1468573210000', '5', 'WAITING', 'CRON', '1468481597000', '0', null, '0', '');
INSERT INTO `EAYUN_QRTZ_TRIGGERS` VALUES ('scheduler', '70e81695cc734087800b5fa51377239c', 'DEFAULT', '70e81695cc734087800b5fa51377239c', 'vmMonitorSummaryGatherJob', '汇总云主机前1天的数据保存至mongodb', '1468598640000', '1468554084170', '5', 'WAITING', 'CRON', '1468481642000', '0', null, '0', '');
INSERT INTO `EAYUN_QRTZ_TRIGGERS` VALUES ('scheduler', '6594e709a655428cb2241e706549f7a8', 'DEFAULT', '6594e709a655428cb2241e706549f7a8', 'vmMonitorDetailGatherJob', '采集云主机性能指标（如CPU、内存、I/O、网络流量等）保存至mongodb和redis', '1468576800000', '1468576740000', '5', 'WAITING', 'CRON', '1468481870000', '0', null, '0', '');
INSERT INTO `EAYUN_QRTZ_TRIGGERS` VALUES ('scheduler', '9de3a06ae02549859be45561799c0b9e', 'DEFAULT', '9de3a06ae02549859be45561799c0b9e', 'smsTimmerJob', '定时发送未发送的短信', '1468630860000', '1468553807048', '5', 'WAITING', 'CRON', '1468481904000', '0', null, '0', '');

-- ----------------------------
-- Table structure for schedule_info
-- ----------------------------
DROP TABLE IF EXISTS `schedule_info`;
CREATE TABLE `schedule_info` (
  `trigger_name` varchar(200) NOT NULL COMMENT '任务ID（关联QRTZ_TRIGGERS表的TRIGGER_NAME字段）',
  `task_name` varchar(200) NOT NULL DEFAULT '' COMMENT '任务名称',
  `create_time` datetime NOT NULL COMMENT '任务创建时间',
  `create_by` varchar(32) NOT NULL DEFAULT '' COMMENT '任务创建人',
  PRIMARY KEY (`trigger_name`)
) ENGINE=MyISAM DEFAULT CHARSET=utf8;

-- ----------------------------
-- Records of schedule_info
-- ----------------------------
INSERT INTO `schedule_info` VALUES ('d3100f6a33be4ee09901ddb624724390', '发送告警', '2016-07-14 15:09:10', '40288ef054a94b120154a94f953c0001');
INSERT INTO `schedule_info` VALUES ('9f710d04ee5a457d9f3f420a77a61d8a', '工单任务', '2016-07-14 15:10:06', '40288ef054a94b120154a94f953c0001');
INSERT INTO `schedule_info` VALUES ('b69e557e015640fea792bdc30cb9da94', '日志任务', '2016-07-14 15:10:38', '40288ef054a94b120154a94f953c0001');
INSERT INTO `schedule_info` VALUES ('a197ec77d60f418fa218da4bd693e43f', '项目流量采集（小时）', '2016-07-14 15:11:43', '40288ef054a94b120154a94f953c0001');
INSERT INTO `schedule_info` VALUES ('581cb1c538fd4a27acdc6fdc4be28668', '项目流量数据（分）', '2016-07-14 15:13:47', '40288ef054a94b120154a94f953c0001');
INSERT INTO `schedule_info` VALUES ('9fa5cb7d9fb34532a5d5452fd73a72ff', '项目流量采集（天）', '2016-07-14 15:14:23', '40288ef054a94b120154a94f953c0001');
INSERT INTO `schedule_info` VALUES ('73d36b74bd1449ba85477f1741294dc8', '更新消息次数', '2016-07-14 15:15:16', '40288ef054a94b120154a94f953c0001');
INSERT INTO `schedule_info` VALUES ('7fb42a663c7c4256a01ad5546e8ccba3', '清理消息', '2016-07-14 15:17:13', '40288ef054a94b120154a94f953c0001');
INSERT INTO `schedule_info` VALUES ('5b8170d62f2f4cb697015e88cce7daec', '采集对象存储数据（小时）', '2016-07-14 15:17:58', '40288ef054a94b120154a94f953c0001');
INSERT INTO `schedule_info` VALUES ('d1ecde01dc644484a435c174f162a4f8', '采集对象存储容量（小时）', '2016-07-14 15:18:38', '40288ef054a94b120154a94f953c0001');
INSERT INTO `schedule_info` VALUES ('b4e0ed14f79e4cc2bfeb4528f6267a21', '采集对象存储数据（天）', '2016-07-14 15:19:23', '40288ef054a94b120154a94f953c0001');
INSERT INTO `schedule_info` VALUES ('83e43cbe98fb44cbac6384c479362514', '采集对象存储容量（天）', '2016-07-14 15:20:01', '40288ef054a94b120154a94f953c0001');
INSERT INTO `schedule_info` VALUES ('453875e8f66c40c4a549a863cb80d32a', '采集对象存储数据（周）', '2016-07-14 15:20:55', '40288ef054a94b120154a94f953c0001');
INSERT INTO `schedule_info` VALUES ('18166acbd198453ab5f4b4d6bb2bfd28', '采集对象存储容量（周）', '2016-07-14 15:21:58', '40288ef054a94b120154a94f953c0001');
INSERT INTO `schedule_info` VALUES ('1dce8cc36d49476785e10fd69822e058', '采集对象存储数据（月）', '2016-07-14 15:22:43', '40288ef054a94b120154a94f953c0001');
INSERT INTO `schedule_info` VALUES ('312ff3ddb37849b49a0e00f7718ff6a2', '采集对象存储容量（月）', '2016-07-14 15:24:25', '40288ef054a94b120154a94f953c0001');
INSERT INTO `schedule_info` VALUES ('b94ec6dac85b417e9dec0d6eac0693e2', '更新云主机状态', '2016-07-14 15:25:01', '40288ef054a94b120154a94f953c0001');
INSERT INTO `schedule_info` VALUES ('b7f108454a2c481f87043f6ad2299ab6', '更新云硬盘状态', '2016-07-14 15:25:34', '40288ef054a94b120154a94f953c0001');
INSERT INTO `schedule_info` VALUES ('56d3e78c09034d3cbe067abc0ebeba82', '更新云硬盘快照状态', '2016-07-14 15:26:00', '40288ef054a94b120154a94f953c0001');
INSERT INTO `schedule_info` VALUES ('634588cebff74bb5b58ae2b5963afe5e', '更新防火墙状态', '2016-07-14 15:26:54', '40288ef054a94b120154a94f953c0001');
INSERT INTO `schedule_info` VALUES ('15961979a2b64cfd93b03c6eccdd8891', '更新自定义镜像状态', '2016-07-14 15:27:22', '40288ef054a94b120154a94f953c0001');
INSERT INTO `schedule_info` VALUES ('21d6aca4066f4c7c99c2459fe8da4997', '更新负载均衡状态', '2016-07-14 15:27:51', '40288ef054a94b120154a94f953c0001');
INSERT INTO `schedule_info` VALUES ('963b5da5694945d1bbe6b62bbf5f7535', '更新负载均衡--资源池状态', '2016-07-14 15:28:22', '40288ef054a94b120154a94f953c0001');
INSERT INTO `schedule_info` VALUES ('5c2ea3073aa948f09dc90b521d1028ed', '更新负载均衡--浮动IP状态', '2016-07-14 15:28:48', '40288ef054a94b120154a94f953c0001');
INSERT INTO `schedule_info` VALUES ('ef5105fda36a44c1bf4f5ead59651578', '更新云主机绑定云硬盘状态', '2016-07-14 15:29:23', '40288ef054a94b120154a94f953c0001');
INSERT INTO `schedule_info` VALUES ('385596b3fad14db6a76af5de9d94953b', '同步数据中心', '2016-07-14 15:29:56', '40288ef054a94b120154a94f953c0001');
INSERT INTO `schedule_info` VALUES ('27c449bd555447958eebfb976c1e79f4', '云主机监控数据（3min）', '2016-07-14 15:30:51', '40288ef054a94b120154a94f953c0001');
INSERT INTO `schedule_info` VALUES ('d05eecfc17824ccbae2197af9bd91d49', '云主机监控数据（5min）', '2016-07-14 15:31:42', '40288ef054a94b120154a94f953c0001');
INSERT INTO `schedule_info` VALUES ('7f96bd0ccf324af99e5b72a5000079bc', '云主机监控数据（10min）', '2016-07-14 15:32:30', '40288ef054a94b120154a94f953c0001');
INSERT INTO `schedule_info` VALUES ('8a0f87f3101b4902be67a5bf7903cc22', '云主机监控数据（1h）', '2016-07-14 15:33:17', '40288ef054a94b120154a94f953c0001');
INSERT INTO `schedule_info` VALUES ('70e81695cc734087800b5fa51377239c', '云主机监控数据（1d）', '2016-07-14 15:34:02', '40288ef054a94b120154a94f953c0001');
INSERT INTO `schedule_info` VALUES ('6594e709a655428cb2241e706549f7a8', '采集云主机性能指标', '2016-07-14 15:37:51', '40288ef054a94b120154a94f953c0001');
INSERT INTO `schedule_info` VALUES ('9de3a06ae02549859be45561799c0b9e', '发送待发送短信', '2016-07-14 15:38:25', '40288ef054a94b120154a94f953c0001');

-- ----------------------------
-- Table structure for schedule_statistics
-- ----------------------------
DROP TABLE IF EXISTS `schedule_statistics`;
CREATE TABLE `schedule_statistics` (
  `id` varchar(32) NOT NULL COMMENT '主键ID',
  `trigger_name` varchar(200) NOT NULL COMMENT '触发器名称',
  `statistics_date` date NOT NULL COMMENT '统计日期',
  `total_count` int(11) NOT NULL DEFAULT '0' COMMENT '执行总次数',
  `suc_count` int(11) NOT NULL DEFAULT '0' COMMENT '执行成功次数',
  `fal_count` int(11) NOT NULL DEFAULT '0' COMMENT '执行失败次数',
  PRIMARY KEY (`id`)
) ENGINE=InnoDB DEFAULT CHARSET=utf8;

-- ----------------------------
-- Records of schedule_statistics
-- ----------------------------
INSERT INTO `schedule_statistics` VALUES ('40288ee5558f906d01558f91fa850001', '8231fbc60fed460d927e937a488427e0', '2016-06-27', '149', '0', '149');
INSERT INTO `schedule_statistics` VALUES ('40288ee55594aa430155956d3f33016b', '82daefb485d34b8a9d3556fa6d49d037', '2016-06-28', '9', '9', '0');
INSERT INTO `schedule_statistics` VALUES ('40288ee55594aa43015595794e7701b5', '2296e74bc40d4f8e8a2e078547285f77', '2016-06-28', '46', '46', '0');
INSERT INTO `schedule_statistics` VALUES ('40288ee55594aa430155957fc3610211', '296d43ee8554486bb23eebc3baa69565', '2016-06-28', '26', '26', '0');
INSERT INTO `schedule_statistics` VALUES ('40288ee555a4145c0155a414df920001', 'c7501d462aeb474fad48c53ced54e288', '2016-07-01', '36', '0', '36');
INSERT INTO `schedule_statistics` VALUES ('40288ee555a4145c0155a414e6c40003', '0c932241dd4740a496a938363854119f', '2016-07-01', '13', '0', '13');
INSERT INTO `schedule_statistics` VALUES ('40288ee555a41f690155a421e8050001', '12e88cfd38d6491d84062d7121ed0470', '2016-07-01', '1', '1', '0');
INSERT INTO `schedule_statistics` VALUES ('40288ee555a41f690155a42732480003', '03730cb9a666446dac5785c2b8d9d31b', '2016-07-01', '131', '131', '0');
INSERT INTO `schedule_statistics` VALUES ('40288ee555b389e90155b38a6d210001', '16a9473aafe44f14b4abbb210bcdc22d', '2016-07-04', '4', '0', '4');
INSERT INTO `schedule_statistics` VALUES ('40288ee555b389e90155b38a71ff0003', '03730cb9a666446dac5785c2b8d9d31b', '2016-07-04', '1', '1', '0');
INSERT INTO `schedule_statistics` VALUES ('40288ee555b389e90155b38e8c1a0008', '33fc2edf88204bcb8b7849aa4a0d6f5c', '2016-07-04', '863', '858', '5');
INSERT INTO `schedule_statistics` VALUES ('40288ee555b389e90155b3a7c6330042', 'a3714d336455441691ff6d7974d0cb42', '2016-07-04', '810', '0', '810');
INSERT INTO `schedule_statistics` VALUES ('40288ee555bec8510155beed822f00a5', '33eb12e735164757aa432d689c221119', '2016-07-06', '142', '142', '0');
INSERT INTO `schedule_statistics` VALUES ('40288ee555e712500155e7129ba70000', 'f5e012653e9044139e978f9d79bbb4e7', '2016-07-14', '204', '173', '31');
INSERT INTO `schedule_statistics` VALUES ('40288ee555e839d60155e83db0470000', 'd3100f6a33be4ee09901ddb624724390', '2016-07-14', '80', '80', '0');
INSERT INTO `schedule_statistics` VALUES ('40288ee555e839d60155e83dd1a10001', '9f710d04ee5a457d9f3f420a77a61d8a', '2016-07-14', '802', '799', '3');
INSERT INTO `schedule_statistics` VALUES ('40288ee555e839d60155e83f7d7d0002', 'a197ec77d60f418fa218da4bd693e43f', '2016-07-14', '2', '2', '0');
INSERT INTO `schedule_statistics` VALUES ('40288ee555e839d60155e84151470003', '581cb1c538fd4a27acdc6fdc4be28668', '2016-07-14', '103', '103', '0');
INSERT INTO `schedule_statistics` VALUES ('40288ee555e839d60155e842b0640004', '73d36b74bd1449ba85477f1741294dc8', '2016-07-14', '191', '191', '0');
INSERT INTO `schedule_statistics` VALUES ('40288ee555e839d60155e84b7e5c0005', 'b94ec6dac85b417e9dec0d6eac0693e2', '2016-07-14', '465', '465', '0');
INSERT INTO `schedule_statistics` VALUES ('40288ee555e839d60155e84bf8b70006', 'b7f108454a2c481f87043f6ad2299ab6', '2016-07-14', '230', '230', '0');
INSERT INTO `schedule_statistics` VALUES ('40288ee555e839d60155e84c826f0007', '56d3e78c09034d3cbe067abc0ebeba82', '2016-07-14', '186', '186', '0');
INSERT INTO `schedule_statistics` VALUES ('40288ee555e839d60155e84e227f0008', '21d6aca4066f4c7c99c2459fe8da4997', '2016-07-14', '183', '183', '0');
INSERT INTO `schedule_statistics` VALUES ('40288ee555e839d60155e84e50af0009', '634588cebff74bb5b58ae2b5963afe5e', '2016-07-14', '184', '184', '0');
INSERT INTO `schedule_statistics` VALUES ('40288ee555e839d60155e84f16ec000a', '963b5da5694945d1bbe6b62bbf5f7535', '2016-07-14', '177', '177', '0');
INSERT INTO `schedule_statistics` VALUES ('40288ee555e839d60155e84ff7fa000b', 'ef5105fda36a44c1bf4f5ead59651578', '2016-07-14', '168', '168', '0');
INSERT INTO `schedule_statistics` VALUES ('40288ee555e839d60155e85028a9000c', '15961979a2b64cfd93b03c6eccdd8891', '2016-07-14', '30', '30', '0');
INSERT INTO `schedule_statistics` VALUES ('40288ee555e839d60155e850647e000d', '5c2ea3073aa948f09dc90b521d1028ed', '2016-07-14', '167', '167', '0');
INSERT INTO `schedule_statistics` VALUES ('40288ee555e839d60155e853ba9d000e', '27c449bd555447958eebfb976c1e79f4', '2016-07-14', '26', '26', '0');
INSERT INTO `schedule_statistics` VALUES ('40288ee555e839d60155e85589f4000f', 'd05eecfc17824ccbae2197af9bd91d49', '2016-07-14', '17', '17', '0');
INSERT INTO `schedule_statistics` VALUES ('40288ee555e839d60155e8581ab30010', '6594e709a655428cb2241e706549f7a8', '2016-07-14', '47', '47', '0');
INSERT INTO `schedule_statistics` VALUES ('40288ee555e839d60155e85a1cce0011', '7f96bd0ccf324af99e5b72a5000079bc', '2016-07-14', '9', '9', '0');
INSERT INTO `schedule_statistics` VALUES ('40288ee555e839d60155e86b92250012', '5b8170d62f2f4cb697015e88cce7daec', '2016-07-14', '1', '1', '0');
INSERT INTO `schedule_statistics` VALUES ('40288ee555e839d60155e86b99140013', 'd1ecde01dc644484a435c174f162a4f8', '2016-07-14', '2', '2', '0');
INSERT INTO `schedule_statistics` VALUES ('40288ee555e839d60155e86bd3640014', '8a0f87f3101b4902be67a5bf7903cc22', '2016-07-14', '2', '2', '0');
INSERT INTO `schedule_statistics` VALUES ('40288ee6559496f301559497be170001', '87ea79a8bd6141f582971792c277b298', '2016-06-28', '129', '129', '0');
INSERT INTO `schedule_statistics` VALUES ('40288ee65594e16b015594f219be0001', 'b3b60e6c82814893904d8efac50b1e5a', '2016-06-28', '467', '467', '0');
INSERT INTO `schedule_statistics` VALUES ('40288ee65595435e015595484e1a0001', '2b9871bcb77642d5b4342cd0e9ae5ae6', '2016-06-28', '206', '206', '0');
INSERT INTO `schedule_statistics` VALUES ('40288ee65595435e0155955f171900ab', '96225cc467054e7f81d6d5c546e293d9', '2016-06-28', '254', '254', '0');
INSERT INTO `schedule_statistics` VALUES ('40288ee65595435e0155957fb41e02a3', 'de8103a900684209a688e1fcf91ce6f3', '2016-06-28', '3', '3', '0');
INSERT INTO `schedule_statistics` VALUES ('40288ee65595435e015595872f3c02a7', 'd2053f436a924aac8a8dc04a902c03f4', '2016-06-28', '225', '225', '0');
INSERT INTO `schedule_statistics` VALUES ('40288ee855b9aae20155b9ab66970001', 'a3714d336455441691ff6d7974d0cb42', '2016-07-05', '2', '2', '0');
INSERT INTO `schedule_statistics` VALUES ('40288ee855b9aae20155b9b8ead80004', '5a7b99a122f44f6c86fdd08033e82434', '2016-07-05', '55', '55', '0');
INSERT INTO `schedule_statistics` VALUES ('40288ee855ec9fe20155eca057e80000', '21d6aca4066f4c7c99c2459fe8da4997', '2016-07-15', '295', '294', '1');
INSERT INTO `schedule_statistics` VALUES ('40288ee855ec9fe20155eca05c1d0001', '963b5da5694945d1bbe6b62bbf5f7535', '2016-07-15', '267', '267', '0');
INSERT INTO `schedule_statistics` VALUES ('40288ee855ec9fe20155eca069e70002', '5c2ea3073aa948f09dc90b521d1028ed', '2016-07-15', '229', '229', '0');
INSERT INTO `schedule_statistics` VALUES ('40288ee855ec9fe20155eca0882e0003', 'ef5105fda36a44c1bf4f5ead59651578', '2016-07-15', '193', '192', '1');
INSERT INTO `schedule_statistics` VALUES ('40288ee855ec9fe20155eca097440004', 'b7f108454a2c481f87043f6ad2299ab6', '2016-07-15', '241', '240', '1');
INSERT INTO `schedule_statistics` VALUES ('40288ee855ec9fe20155eca0f2040005', '56d3e78c09034d3cbe067abc0ebeba82', '2016-07-15', '249', '247', '2');
INSERT INTO `schedule_statistics` VALUES ('40288ee855ec9fe20155eca101780006', 'b94ec6dac85b417e9dec0d6eac0693e2', '2016-07-15', '271', '270', '1');
INSERT INTO `schedule_statistics` VALUES ('40288ee855ec9fe20155eca113c20007', '9f710d04ee5a457d9f3f420a77a61d8a', '2016-07-15', '272', '272', '0');
INSERT INTO `schedule_statistics` VALUES ('40288ee855ec9fe20155eca1201c0008', 'f5e012653e9044139e978f9d79bbb4e7', '2016-07-15', '89', '89', '0');
INSERT INTO `schedule_statistics` VALUES ('40288ee855ec9fe20155eca164690009', '73d36b74bd1449ba85477f1741294dc8', '2016-07-15', '372', '372', '0');
INSERT INTO `schedule_statistics` VALUES ('40288ee855ec9fe20155eca178b3000a', '15961979a2b64cfd93b03c6eccdd8891', '2016-07-15', '117', '116', '1');
INSERT INTO `schedule_statistics` VALUES ('40288ee855ec9fe20155eca1ad2c000b', '9fa5cb7d9fb34532a5d5452fd73a72ff', '2016-07-15', '1', '1', '0');
INSERT INTO `schedule_statistics` VALUES ('40288ee855ec9fe20155eca1c504000c', '9de3a06ae02549859be45561799c0b9e', '2016-07-15', '1', '1', '0');
INSERT INTO `schedule_statistics` VALUES ('40288ee855ec9fe20155eca1c5a3000d', '6594e709a655428cb2241e706549f7a8', '2016-07-15', '226', '226', '0');
INSERT INTO `schedule_statistics` VALUES ('40288ee855ec9fe20155eca1dc41000e', 'b4e0ed14f79e4cc2bfeb4528f6267a21', '2016-07-15', '1', '1', '0');
INSERT INTO `schedule_statistics` VALUES ('40288ee855ec9fe20155eca1e5c3000f', '7f96bd0ccf324af99e5b72a5000079bc', '2016-07-15', '39', '39', '0');
INSERT INTO `schedule_statistics` VALUES ('40288ee855ec9fe20155eca1eee30010', '8a0f87f3101b4902be67a5bf7903cc22', '2016-07-15', '7', '7', '0');
INSERT INTO `schedule_statistics` VALUES ('40288ee855ec9fe20155eca270b20011', 'd3100f6a33be4ee09901ddb624724390', '2016-07-15', '345', '345', '0');
INSERT INTO `schedule_statistics` VALUES ('40288ee855ec9fe20155eca2ae7a0012', '634588cebff74bb5b58ae2b5963afe5e', '2016-07-15', '218', '218', '0');
INSERT INTO `schedule_statistics` VALUES ('40288ee855ec9fe20155eca2c79b0013', '581cb1c538fd4a27acdc6fdc4be28668', '2016-07-15', '367', '367', '0');
INSERT INTO `schedule_statistics` VALUES ('40288ee855ec9fe20155eca31e070014', 'd05eecfc17824ccbae2197af9bd91d49', '2016-07-15', '74', '74', '0');
INSERT INTO `schedule_statistics` VALUES ('40288ee855ec9fe20155eca434170015', '7fb42a663c7c4256a01ad5546e8ccba3', '2016-07-15', '1', '1', '0');
INSERT INTO `schedule_statistics` VALUES ('40288ee855ec9fe20155eca43c250016', '5b8170d62f2f4cb697015e88cce7daec', '2016-07-15', '7', '7', '0');
INSERT INTO `schedule_statistics` VALUES ('40288ee855ec9fe20155eca45a3c0017', '27c449bd555447958eebfb976c1e79f4', '2016-07-15', '108', '108', '0');
INSERT INTO `schedule_statistics` VALUES ('40288ee855ec9fe20155eca5df460018', 'd1ecde01dc644484a435c174f162a4f8', '2016-07-15', '7', '7', '0');
INSERT INTO `schedule_statistics` VALUES ('40288ee855ec9fe20155eca6195f0019', '70e81695cc734087800b5fa51377239c', '2016-07-15', '1', '1', '0');
INSERT INTO `schedule_statistics` VALUES ('40288ee855ec9fe20155eca7479a001a', 'b69e557e015640fea792bdc30cb9da94', '2016-07-15', '1', '1', '0');
INSERT INTO `schedule_statistics` VALUES ('40288ee855ec9fe20155eca77dde001b', '83e43cbe98fb44cbac6384c479362514', '2016-07-15', '1', '1', '0');
INSERT INTO `schedule_statistics` VALUES ('40288ee855ec9fe20155eca88cc9001c', '385596b3fad14db6a76af5de9d94953b', '2016-07-15', '1', '0', '1');
INSERT INTO `schedule_statistics` VALUES ('40288ee855ec9fe20155ed120e08001d', 'fdcf6960be3d4863a81a6b349bf704f0', '2016-07-15', '2', '2', '0');
INSERT INTO `schedule_statistics` VALUES ('40288ee9558f7a0e01558f7a91b60001', '87ea79a8bd6141f582971792c277b298', '2016-06-27', '2552', '2552', '125');
INSERT INTO `schedule_statistics` VALUES ('40288ee95599b315015599b39c1d0001', '14d4035ed40249a6b2b55f19914285e9', '2016-06-29', '915', '915', '0');
INSERT INTO `schedule_statistics` VALUES ('40288ee95599b315015599b3aa920003', 'dff5b90a3cc94a1f8b27bc86f0d06baa', '2016-06-29', '3', '3', '0');
INSERT INTO `schedule_statistics` VALUES ('40288ee95599b31501559a122d53025e', '8425806a02fc4a88a80dd9c10544011e', '2016-06-29', '110', '110', '0');
INSERT INTO `schedule_statistics` VALUES ('40288ee95599b31501559a6fe1b20408', 'b92ded8831c04ac6b0bfde86691806b3', '2016-06-29', '1062', '1023', '39');
INSERT INTO `schedule_statistics` VALUES ('40288ee9559ae33d01559b28d2e101bb', 'fbe0c43dccef4c55815dd7652e4cfa56', '2016-06-29', '563', '533', '30');
INSERT INTO `schedule_statistics` VALUES ('40288ee9559ae33d01559b3ed3c10235', '741b3b79322e43458484d76f4ef4a03a', '2016-06-29', '152', '142', '10');
INSERT INTO `schedule_statistics` VALUES ('40288ee9559b889701559b8c7825000a', '7619e7ea9aae412b9358380c046c945a', '2016-06-29', '53', '53', '0');
INSERT INTO `schedule_statistics` VALUES ('40288ee9559b975101559b98f8640005', '0c932241dd4740a496a938363854119f', '2016-06-29', '2', '2', '0');
INSERT INTO `schedule_statistics` VALUES ('40288ee9559b975101559b991f800007', 'c7501d462aeb474fad48c53ced54e288', '2016-06-29', '4', '4', '0');
INSERT INTO `schedule_statistics` VALUES ('40288ee955de72870155de72da910000', 'fc72caa5ba7e48fdb8ebde362ae2dbfb', '2016-07-12', '10', '10', '0');
INSERT INTO `schedule_statistics` VALUES ('40288ee955de72870155de72dfb10001', '92c43524e9ed454588977ea44d2ee44c', '2016-07-12', '10', '10', '0');
INSERT INTO `schedule_statistics` VALUES ('40288ee955de72870155de77d0930002', 'b3ea190604214ccfba654593faf4c8fc', '2016-07-12', '408', '408', '0');
INSERT INTO `schedule_statistics` VALUES ('40288ee955de828b0155de845a140000', 'afaa0005023d4aa997b0a4fc0fdfda2c', '2016-07-12', '7', '7', '0');
INSERT INTO `schedule_statistics` VALUES ('40288eea5595b7a8015595ca0dd5008b', '14d4035ed40249a6b2b55f19914285e9', '2016-06-28', '1224', '1224', '0');
INSERT INTO `schedule_statistics` VALUES ('40288eea5595b7a8015596061ce80215', 'dff5b90a3cc94a1f8b27bc86f0d06baa', '2016-06-28', '3', '3', '0');
INSERT INTO `schedule_statistics` VALUES ('40288ef05581671b0155816f97b7000c', '12ef4fb9c3494af186bfbe48df4d83d8', '2016-06-24', '21', '0', '21');
INSERT INTO `schedule_statistics` VALUES ('40288ef055817dd4015581a54e720001', '1b7b5063843343a7835d80ecdb91fc54', '2016-06-24', '28', '28', '0');
INSERT INTO `schedule_statistics` VALUES ('40288ef055817dd4015581acc5ca001e', '87ea79a8bd6141f582971792c277b298', '2016-06-24', '179', '179', '79');
INSERT INTO `schedule_statistics` VALUES ('40288ef255959663015595cee86c0037', '5c69fecefb454badaea608f0e3c7dae7', '2016-06-28', '2', '2', '0');
INSERT INTO `schedule_statistics` VALUES ('40288ef255959663015595cef11b0039', '690b56b9342e4dab9f5fc1c841112b61', '2016-06-28', '2', '2', '0');
INSERT INTO `schedule_statistics` VALUES ('40288ef3559fe91f01559fe9a1dc0001', 'c7501d462aeb474fad48c53ced54e288', '2016-06-30', '196', '173', '23');
INSERT INTO `schedule_statistics` VALUES ('40288ef3559fe91f01559fe9a7240003', '0c932241dd4740a496a938363854119f', '2016-06-30', '492', '63', '429');
INSERT INTO `schedule_statistics` VALUES ('40288ef355bdee050155bdee44c20001', 'fc72caa5ba7e48fdb8ebde362ae2dbfb', '2016-07-06', '535', '535', '0');
INSERT INTO `schedule_statistics` VALUES ('40288ef355be248e0155be2af36f000e', '92c43524e9ed454588977ea44d2ee44c', '2016-07-06', '479', '479', '0');
INSERT INTO `schedule_statistics` VALUES ('40288ef45581dd46015581de4d8d0001', '8231fbc60fed460d927e937a488427e0', '2016-06-24', '196', '0', '196');
INSERT INTO `schedule_statistics` VALUES ('40288ef455a598940155a59e49990003', '16a9473aafe44f14b4abbb210bcdc22d', '2016-07-01', '33', '0', '33');
INSERT INTO `schedule_statistics` VALUES ('40288ef455e35f740155e35fc7400000', 'b3ea190604214ccfba654593faf4c8fc', '2016-07-13', '325', '312', '13');
INSERT INTO `schedule_statistics` VALUES ('40288ef455e35f740155e35fd5340001', 'afaa0005023d4aa997b0a4fc0fdfda2c', '2016-07-13', '12', '11', '1');
INSERT INTO `schedule_statistics` VALUES ('40288ef455e35f740155e36437580002', '29fdb45c5ce743dea50c07b87909ce30', '2016-07-13', '28', '0', '28');
INSERT INTO `schedule_statistics` VALUES ('40288ef455e35f740155e3651c280003', 'f5e012653e9044139e978f9d79bbb4e7', '2016-07-13', '37', '0', '37');
INSERT INTO `schedule_statistics` VALUES ('40288ef455e35f740155e36595e90004', '4f1d62e2737948ea8baae4e805dbbf81', '2016-07-13', '247', '230', '17');
INSERT INTO `schedule_statistics` VALUES ('40288ef455e35f740155e367fab30005', '3611ac6d8d204f32ba252ec273193a08', '2016-07-13', '23', '0', '23');
INSERT INTO `schedule_statistics` VALUES ('40288ef655ba89000155ba8c6d8b0001', 'fc72caa5ba7e48fdb8ebde362ae2dbfb', '2016-07-05', '44', '44', '0');
