<?xml version="1.0" encoding="UTF-8"?><SLA Version="1.0"><TxList><Tx>login_out</Tx><Tx>creat_linuxVM_1</Tx><Tx>vuser_end_Transaction</Tx><Tx>creat_linuxVM_2</Tx><Tx>creat_windowsVM_1</Tx><Tx>creat_windowsVM_2</Tx><Tx>Action_Transaction</Tx><Tx>vuser_init_Transaction</Tx><Tx>login_in</Tx><Tx>creat_shouguan</Tx><Tx>creat_ziguan</Tx></TxList><SLARules><TrackingPeriodType>Default</TrackingPeriodType><TrackingPeriodValue></TrackingPeriodValue><TrackingPeriodTimeScale></TrackingPeriodTimeScale></SLARules></SLA>