<?xml version="1.0" encoding="UTF-8" ?>
<!DOCTYPE mapper PUBLIC "-//mybatis.org//DTD Mapper 3.0//EN"
"http://mybatis.org/dtd/mybatis-3-mapper.dtd">
<!-- 原始的 -->
<!-- <mapper namespace="com.model.UserMapper"> -->
<!-- 接口实现，namespace必须是接口一致 -->
<mapper namespace="com.inter.UserInter">
	<!-- sql语句，参数，返回类型 -->
	<select id="findUserById" parameterType="String" resultType="User">
		select * from `user` where id = #{id}
	</select>
	<!-- 为了返回list 类型而定义的returnMap -->
	<resultMap type="User" id="resultListUser">
		<id column="id" property="id" />
		<result column="userName" property="userName" />
		<result column="userAge" property="userAge" />
		<result column="userAddress" property="userAddress" />
	</resultMap>
	<!-- 返回list 的select 语句，注意 resultMap 的值是指向前面定义好的 -->
	<select id="getUserListByName" parameterType="string" resultMap="resultListUser">
		select * from user where userName like #{userName}
	</select>
	<!--执行增加操作的SQL语句。seGeneratedKeys设置为"true"表明要MyBatis获取由数据库自动生成的主键； keyProperty="id"指定把获取到的主键值注入 
		到User的id属性 -->
	<insert id="addUser" parameterType="User" useGeneratedKeys="false"
		keyProperty="id">
		insert into user(id,userName,userAge,userAddress)
		values(#{id},#{userName},#{userAge},#{userAddress})
	</insert>
	<!-- 执行修改语句 -->
	<update id="updateUser" parameterType="User">
		update user set
		userAddress=#{userAddress}
		where id=#{id}
	</update>
	<!-- 执行删除语句 -->
	<delete id="deleteUser" parameterType="String">
		delete from user where
		id=#{id}
	</delete>
	<!-- User 联合文章进行查询 方法之一的配置 (多对一的方式) -->
	<resultMap id="resultUserArticleList" type="Article">
		<id property="id" column="aid" />
		<result property="title" column="title" />
		<result property="content" column="content" />
		<association property="user" javaType="User">
			<id property="id" column="id" />
			<result property="userName" column="userName" />
			<result property="userAddress" column="userAddress" />
		</association>
	</resultMap>
	<!-- User 联合文章进行查询 方法之二的配置 (多对一的方式)
	<resultMap id="resultUserArticleList-2" type="Article">
		<id property="id" column="aid" />
		<result property="title" column="title" />
		<result property="content" column="content" />
		<association property="user" javaType="User" resultMap="resultListUser" />
	</resultMap> -->
	<select id="getUserArticles" parameterType="int"
		resultMap="resultUserArticleList">
		select user.id,user.userName,user.userAddress,article.id
		aid,article.title,article.content from user,article
		where
		user.id=article.userid and user.id=#{id}
	</select>
</mapper>